ISO-10303-21;
HEADER;
FILE_DESCRIPTION (( 'STEP AP214' ),
    '1' );
FILE_NAME ('ASM330LHHXG1TR.STEP',
    '2024-05-13T03:56:57',
    ( '' ),
    ( '' ),
    'SwSTEP 2.0',
    'SolidWorks 2016',
    '' );
FILE_SCHEMA (( 'AUTOMOTIVE_DESIGN' ));
ENDSEC;

DATA;
#1 = ORIENTED_EDGE ( 'NONE', *, *, #2390, .F. ) ;
#2 = AXIS2_PLACEMENT_3D ( 'NONE', #1180, #801, #168 ) ;
#3 = DIRECTION ( 'NONE',  ( -0.0000000000000000000, -0.0000000000000000000, -1.000000000000000000 ) ) ;
#4 = VECTOR ( 'NONE', #2596, 1000.000000000000000 ) ;
#5 = CARTESIAN_POINT ( 'NONE',  ( -0.9140000000000001500, 0.5979999999999999800, 0.05099999999999999700 ) ) ;
#6 = DIRECTION ( 'NONE',  ( 0.0000000000000000000, 0.0000000000000000000, 1.000000000000000000 ) ) ;
#7 = CARTESIAN_POINT ( 'NONE',  ( -1.304770000000000000, 0.7500000000000000000, 1.397000000000000000 ) ) ;
#8 = DIRECTION ( 'NONE',  ( 0.0000000000000000000, -0.0000000000000000000, 1.000000000000000000 ) ) ;
#9 = DIRECTION ( 'NONE',  ( -1.000000000000000000, 0.0000000000000000000, 0.0000000000000000000 ) ) ;
#10 = EDGE_CURVE ( 'NONE', #2445, #1350, #995, .T. ) ;
#11 = FILL_AREA_STYLE_COLOUR ( '', #2284 ) ;
#12 = MECHANICAL_DESIGN_GEOMETRIC_PRESENTATION_REPRESENTATION (  '', ( #2215 ), #145 ) ;
#13 = DIRECTION ( 'NONE',  ( -0.0000000000000000000, 0.0000000000000000000, 1.000000000000000000 ) ) ;
#14 = CARTESIAN_POINT ( 'NONE',  ( -0.1520000000000000000, -0.6600000000000000300, 0.0000000000000000000 ) ) ;
#15 = DIRECTION ( 'NONE',  ( 0.0000000000000000000, 0.0000000000000000000, 1.000000000000000000 ) ) ;
#16 = CARTESIAN_POINT ( 'NONE',  ( -1.448000000000000200, -0.5979999999999999800, 0.0000000000000000000 ) ) ;
#17 = AXIS2_PLACEMENT_3D ( 'NONE', #1588, #382, #1792 ) ;
#18 = FACE_OUTER_BOUND ( 'NONE', #789, .T. ) ;
#19 = LINE ( 'NONE', #335, #670 ) ;
#20 = VECTOR ( 'NONE', #1459, 1000.000000000000000 ) ;
#21 = ORIENTED_EDGE ( 'NONE', *, *, #1142, .F. ) ;
#22 = VECTOR ( 'NONE', #550, 1000.000000000000000 ) ;
#23 = ORIENTED_EDGE ( 'NONE', *, *, #1701, .T. ) ;
#24 = ORIENTED_EDGE ( 'NONE', *, *, #2049, .F. ) ;
#25 = DIRECTION ( 'NONE',  ( -1.000000000000000000, 0.0000000000000000000, 0.0000000000000000000 ) ) ;
#26 = DIRECTION ( 'NONE',  ( -1.000000000000000000, 0.0000000000000000000, -0.0000000000000000000 ) ) ;
#27 = COLOUR_RGB ( '',0.7215686274509803800, 0.7215686274509803800, 0.7215686274509803800 ) ;
#28 = ORIENTED_EDGE ( 'NONE', *, *, #805, .T. ) ;
#29 = EDGE_CURVE ( 'NONE', #721, #327, #1212, .T. ) ;
#30 = VECTOR ( 'NONE', #491, 1000.000000000000000 ) ;
#31 = ORIENTED_EDGE ( 'NONE', *, *, #1039, .F. ) ;
#32 = DIRECTION ( 'NONE',  ( -1.000000000000000000, 0.0000000000000000000, -0.0000000000000000000 ) ) ;
#33 = VECTOR ( 'NONE', #2357, 1000.000000000000000 ) ;
#34 = FACE_OUTER_BOUND ( 'NONE', #2224, .T. ) ;
#35 = ORIENTED_EDGE ( 'NONE', *, *, #107, .T. ) ;
#36 = DIRECTION ( 'NONE',  ( -1.000000000000000000, 0.0000000000000000000, -0.0000000000000000000 ) ) ;
#37 = CARTESIAN_POINT ( 'NONE',  ( 1.548999999999999900, 1.294999999999999900, 0.05099999999999999700 ) ) ;
#38 = EDGE_CURVE ( 'NONE', #1774, #1983, #898, .T. ) ;
#39 = CARTESIAN_POINT ( 'NONE',  ( 0.9140000000000001500, 0.09800000000000000400, 0.05099999999999999700 ) ) ;
#40 = DIRECTION ( 'NONE',  ( 0.0000000000000000000, -0.0000000000000000000, 1.000000000000000000 ) ) ;
#41 = PLANE ( 'NONE',  #2613 ) ;
#42 = EDGE_CURVE ( 'NONE', #1599, #609, #743, .T. ) ;
#43 =( GEOMETRIC_REPRESENTATION_CONTEXT ( 3 ) GLOBAL_UNCERTAINTY_ASSIGNED_CONTEXT ( ( #851 ) ) GLOBAL_UNIT_ASSIGNED_CONTEXT ( ( #1422, #1479, #1493 ) ) REPRESENTATION_CONTEXT ( 'NONE', 'WORKASPACE' ) );
#44 = DIRECTION ( 'NONE',  ( 1.000000000000000000, 0.0000000000000000000, 0.0000000000000000000 ) ) ;
#45 = DIRECTION ( 'NONE',  ( 0.0000000000000000000, -0.0000000000000000000, 1.000000000000000000 ) ) ;
#46 = COLOUR_RGB ( '',0.7215686274509803800, 0.7215686274509803800, 0.7215686274509803800 ) ;
#47 = CARTESIAN_POINT ( 'NONE',  ( -1.448000000000000200, 0.09800000000000000400, 0.0000000000000000000 ) ) ;
#48 = DIRECTION ( 'NONE',  ( 0.0000000000000000000, -0.0000000000000000000, -1.000000000000000000 ) ) ;
#49 = MANIFOLD_SOLID_BREP ( 'Imported10', #953 ) ;
#50 = DIRECTION ( 'NONE',  ( -1.000000000000000000, 0.0000000000000000000, -0.0000000000000000000 ) ) ;
#51 = VECTOR ( 'NONE', #837, 1000.000000000000000 ) ;
#52 = ORIENTED_EDGE ( 'NONE', *, *, #206, .T. ) ;
#53 = CARTESIAN_POINT ( 'NONE',  ( -0.6530000000000000200, -1.194000000000000000, 0.05099999999999999700 ) ) ;
#54 = VERTEX_POINT ( 'NONE', #664 ) ;
#55 = ORIENTED_EDGE ( 'NONE', *, *, #2028, .F. ) ;
#56 = VERTEX_POINT ( 'NONE', #1666 ) ;
#57 = PLANE ( 'NONE',  #893 ) ;
#58 = VERTEX_POINT ( 'NONE', #1462 ) ;
#59 = CARTESIAN_POINT ( 'NONE',  ( -0.9140000000000001500, 0.4020000000000000200, 0.0000000000000000000 ) ) ;
#60 = DIRECTION ( 'NONE',  ( 0.0000000000000000000, 0.0000000000000000000, 1.000000000000000000 ) ) ;
#61 = EDGE_CURVE ( 'NONE', #1844, #451, #1243, .T. ) ;
#62 = FACE_OUTER_BOUND ( 'NONE', #859, .T. ) ;
#63 = FACE_OUTER_BOUND ( 'NONE', #483, .T. ) ;
#64 = ORIENTED_EDGE ( 'NONE', *, *, #275, .F. ) ;
#65 = FILL_AREA_STYLE_COLOUR ( '', #1022 ) ;
#66 = FACE_OUTER_BOUND ( 'NONE', #1087, .T. ) ;
#67 = STYLED_ITEM ( 'NONE', ( #513 ), #1078 ) ;
#68 = LINE ( 'NONE', #2497, #2016 ) ;
#69 = CARTESIAN_POINT ( 'NONE',  ( -1.548999999999999900, 1.294999999999999900, 0.05099999999999999700 ) ) ;
#70 = CARTESIAN_POINT ( 'NONE',  ( 0.3479999999999999800, 1.194000000000000000, 0.0000000000000000000 ) ) ;
#71 = AXIS2_PLACEMENT_3D ( 'NONE', #345, #1744, #540 ) ;
#72 = CARTESIAN_POINT ( 'NONE',  ( -1.240000000000000000, 0.7500000000000000000, 1.399999999999999900 ) ) ;
#73 = DIRECTION ( 'NONE',  ( -0.0000000000000000000, -1.000000000000000000, -0.0000000000000000000 ) ) ;
#74 = ORIENTED_EDGE ( 'NONE', *, *, #2091, .T. ) ;
#75 = EDGE_CURVE ( 'NONE', #1055, #505, #2604, .T. ) ;
#76 = SURFACE_STYLE_USAGE ( .BOTH. , #1485 ) ;
#77 = PRESENTATION_STYLE_ASSIGNMENT (( #2276 ) ) ;
#78 = DIRECTION ( 'NONE',  ( 0.0000000000000000000, 0.0000000000000000000, -1.000000000000000000 ) ) ;
#79 = CARTESIAN_POINT ( 'NONE',  ( -0.6530000000000000200, 1.194000000000000000, 0.0000000000000000000 ) ) ;
#80 = VECTOR ( 'NONE', #320, 1000.000000000000000 ) ;
#81 = AXIS2_PLACEMENT_3D ( 'NONE', #1120, #1650, #1728 ) ;
#82 = ORIENTED_EDGE ( 'NONE', *, *, #1083, .T. ) ;
#83 =( NAMED_UNIT ( * ) SI_UNIT ( $, .STERADIAN. ) SOLID_ANGLE_UNIT ( ) );
#84 = DIRECTION ( 'NONE',  ( 0.0000000000000000000, 1.000000000000000000, 0.0000000000000000000 ) ) ;
#85 = DIRECTION ( 'NONE',  ( 0.0000000000000000000, 0.0000000000000000000, 1.000000000000000000 ) ) ;
#86 = ORIENTED_EDGE ( 'NONE', *, *, #874, .F. ) ;
#87 = ORIENTED_EDGE ( 'NONE', *, *, #831, .F. ) ;
#88 =( LENGTH_UNIT ( ) NAMED_UNIT ( * ) SI_UNIT ( .MILLI., .METRE. ) );
#89 = LINE ( 'NONE', #260, #2165 ) ;
#90 = ORIENTED_EDGE ( 'NONE', *, *, #594, .F. ) ;
#91 = VECTOR ( 'NONE', #418, 1000.000000000000000 ) ;
#92 = ORIENTED_EDGE ( 'NONE', *, *, #774, .T. ) ;
#93 = EDGE_CURVE ( 'NONE', #1307, #390, #1238, .T. ) ;
#94 = ADVANCED_FACE ( 'NONE', ( #1123 ), #1644, .T. ) ;
#95 = LINE ( 'NONE', #438, #618 ) ;
#96 = DIRECTION ( 'NONE',  ( -0.0000000000000000000, -1.000000000000000000, -0.0000000000000000000 ) ) ;
#97 = VERTEX_POINT ( 'NONE', #866 ) ;
#98 = EDGE_CURVE ( 'NONE', #1968, #1967, #779, .T. ) ;
#99 = MECHANICAL_DESIGN_GEOMETRIC_PRESENTATION_REPRESENTATION (  '', ( #2307 ), #228 ) ;
#100 = FACE_OUTER_BOUND ( 'NONE', #1653, .T. ) ;
#101 = CARTESIAN_POINT ( 'NONE',  ( -0.9140000000000001500, 0.09800000000000000400, 0.0000000000000000000 ) ) ;
#102 = DIRECTION ( 'NONE',  ( 0.0000000000000000000, -0.0000000000000000000, -1.000000000000000000 ) ) ;
#103 = CARTESIAN_POINT ( 'NONE',  ( 1.448000000000000200, 0.9030000000000000200, 0.05099999999999999700 ) ) ;
#104 = CARTESIAN_POINT ( 'NONE',  ( -0.9140000000000001500, 0.09800000000000000400, 0.05099999999999999700 ) ) ;
#105 = DIRECTION ( 'NONE',  ( 1.000000000000000000, 0.0000000000000000000, -0.0000000000000000000 ) ) ;
#106 = ADVANCED_FACE ( 'NONE', ( #1335 ), #2050, .T. ) ;
#107 = EDGE_CURVE ( 'NONE', #2009, #1346, #19, .T. ) ;
#108 = DIRECTION ( 'NONE',  ( 0.0000000000000000000, 0.0000000000000000000, 1.000000000000000000 ) ) ;
#109 = CARTESIAN_POINT ( 'NONE',  ( 0.1520000000000000000, -0.6600000000000000300, 0.05099999999999999700 ) ) ;
#110 = DIRECTION ( 'NONE',  ( 0.0000000000000000000, -0.0000000000000000000, 1.000000000000000000 ) ) ;
#111 = LINE ( 'NONE', #2427, #2187 ) ;
#112 = DIRECTION ( 'NONE',  ( -0.0000000000000000000, 0.0000000000000000000, 1.000000000000000000 ) ) ;
#113 = AXIS2_PLACEMENT_3D ( 'NONE', #1502, #695, #1093 ) ;
#114 = VECTOR ( 'NONE', #3, 1000.000000000000000 ) ;
#115 = VERTEX_POINT ( 'NONE', #2330 ) ;
#116 =( GEOMETRIC_REPRESENTATION_CONTEXT ( 3 ) GLOBAL_UNCERTAINTY_ASSIGNED_CONTEXT ( ( #1586 ) ) GLOBAL_UNIT_ASSIGNED_CONTEXT ( ( #1325, #1283, #83 ) ) REPRESENTATION_CONTEXT ( 'NONE', 'WORKASPACE' ) );
#117 = ORIENTED_EDGE ( 'NONE', *, *, #1636, .T. ) ;
#118 = FILL_AREA_STYLE_COLOUR ( '', #935 ) ;
#119 = ADVANCED_FACE ( 'NONE', ( #669 ), #41, .T. ) ;
#120 = LINE ( 'NONE', #1934, #911 ) ;
#121 = DIRECTION ( 'NONE',  ( 1.000000000000000000, 0.0000000000000000000, -0.0000000000000000000 ) ) ;
#122 = ORIENTED_EDGE ( 'NONE', *, *, #311, .T. ) ;
#123 = ORIENTED_EDGE ( 'NONE', *, *, #2403, .F. ) ;
#124 = DIRECTION ( 'NONE',  ( 0.0000000000000000000, 0.0000000000000000000, 1.000000000000000000 ) ) ;
#125 = LINE ( 'NONE', #706, #918 ) ;
#126 = VECTOR ( 'NONE', #2081, 1000.000000000000000 ) ;
#127 = EDGE_LOOP ( 'NONE', ( #879, #2473, #329, #1911 ) ) ;
#128 = EDGE_CURVE ( 'NONE', #1921, #1539, #196, .T. ) ;
#129 = VECTOR ( 'NONE', #1858, 1000.000000000000000 ) ;
#130 = DIRECTION ( 'NONE',  ( 0.0000000000000000000, -0.0000000000000000000, 1.000000000000000000 ) ) ;
#131 = CARTESIAN_POINT ( 'NONE',  ( 0.3479999999999999800, 0.6600000000000000300, 0.05099999999999999700 ) ) ;
#132 = EDGE_LOOP ( 'NONE', ( #2413, #1333, #1149, #2196 ) ) ;
#133 = DIRECTION ( 'NONE',  ( 1.000000000000000000, -0.0000000000000000000, 0.0000000000000000000 ) ) ;
#134 = FILL_AREA_STYLE ('',( #1730 ) ) ;
#135 = ADVANCED_FACE ( 'NONE', ( #601 ), #2464, .T. ) ;
#136 = DIRECTION ( 'NONE',  ( 1.000000000000000000, 0.0000000000000000000, -0.0000000000000000000 ) ) ;
#137 = PLANE ( 'NONE',  #1342 ) ;
#138 = DIRECTION ( 'NONE',  ( -0.0000000000000000000, -1.000000000000000000, -0.0000000000000000000 ) ) ;
#139 = DIRECTION ( 'NONE',  ( 0.0000000000000000000, -0.0000000000000000000, 1.000000000000000000 ) ) ;
#140 = EDGE_CURVE ( 'NONE', #505, #2329, #2499, .T. ) ;
#141 = DIRECTION ( 'NONE',  ( 1.000000000000000000, 0.0000000000000000000, -0.0000000000000000000 ) ) ;
#142 = CARTESIAN_POINT ( 'NONE',  ( -0.1520000000000000000, -0.6600000000000000300, 0.0000000000000000000 ) ) ;
#143 = ADVANCED_FACE ( 'NONE', ( #2378 ), #636, .T. ) ;
#144 = VERTEX_POINT ( 'NONE', #864 ) ;
#145 =( GEOMETRIC_REPRESENTATION_CONTEXT ( 3 ) GLOBAL_UNCERTAINTY_ASSIGNED_CONTEXT ( ( #1506 ) ) GLOBAL_UNIT_ASSIGNED_CONTEXT ( ( #2563, #1160, #2370 ) ) REPRESENTATION_CONTEXT ( 'NONE', 'WORKASPACE' ) );
#146 = ORIENTED_EDGE ( 'NONE', *, *, #2057, .F. ) ;
#147 = ORIENTED_EDGE ( 'NONE', *, *, #712, .F. ) ;
#148 = ORIENTED_EDGE ( 'NONE', *, *, #443, .T. ) ;
#149 = PRODUCT_DEFINITION ( 'UNKNOWN', '', #283, #256 ) ;
#150 = LINE ( 'NONE', #293, #1161 ) ;
#151 = SURFACE_STYLE_FILL_AREA ( #807 ) ;
#152 = LINE ( 'NONE', #889, #1100 ) ;
#153 = ORIENTED_EDGE ( 'NONE', *, *, #2231, .T. ) ;
#154 = SURFACE_SIDE_STYLE ('',( #218 ) ) ;
#155 = ADVANCED_FACE ( 'NONE', ( #2308 ), #1630, .T. ) ;
#156 = EDGE_CURVE ( 'NONE', #2583, #1339, #1024, .T. ) ;
#157 = CARTESIAN_POINT ( 'NONE',  ( 0.9140000000000001500, 0.9030000000000000200, 0.0000000000000000000 ) ) ;
#158 = VERTEX_POINT ( 'NONE', #825 ) ;
#159 = DIRECTION ( 'NONE',  ( 0.0000000000000000000, -0.0000000000000000000, -1.000000000000000000 ) ) ;
#160 = AXIS2_PLACEMENT_3D ( 'NONE', #1380, #2555, #1766 ) ;
#161 = DIRECTION ( 'NONE',  ( 0.0000000000000000000, -0.0000000000000000000, 1.000000000000000000 ) ) ;
#162 = ADVANCED_FACE ( 'NONE', ( #472 ), #401, .T. ) ;
#163 = VECTOR ( 'NONE', #1986, 1000.000000000000000 ) ;
#164 = CARTESIAN_POINT ( 'NONE',  ( -0.1520000000000000000, 0.6600000000000000300, 0.0000000000000000000 ) ) ;
#165 = EDGE_CURVE ( 'NONE', #144, #1085, #2154, .T. ) ;
#166 = FACE_OUTER_BOUND ( 'NONE', #650, .T. ) ;
#167 = ORIENTED_EDGE ( 'NONE', *, *, #2212, .T. ) ;
#168 = DIRECTION ( 'NONE',  ( -0.0000000000000000000, 0.0000000000000000000, -1.000000000000000000 ) ) ;
#169 = VECTOR ( 'NONE', #2442, 1000.000000000000000 ) ;
#170 = CLOSED_SHELL ( 'NONE', ( #2377, #2336, #1950, #1757, #742, #942 ) ) ;
#171 = EDGE_CURVE ( 'NONE', #737, #1836, #1672, .T. ) ;
#172 = UNCERTAINTY_MEASURE_WITH_UNIT (LENGTH_MEASURE( 1.000000000000000100E-005 ), #2181, 'distance_accuracy_value', 'NONE');
#173 = ORIENTED_EDGE ( 'NONE', *, *, #10, .T. ) ;
#174 = CLOSED_SHELL ( 'NONE', ( #1768, #1141, #760, #2177, #143, #1347 ) ) ;
#175 = DIRECTION ( 'NONE',  ( 0.0000000000000000000, -0.0000000000000000000, -1.000000000000000000 ) ) ;
#176 = FACE_OUTER_BOUND ( 'NONE', #1810, .T. ) ;
#177 = ORIENTED_EDGE ( 'NONE', *, *, #1753, .F. ) ;
#178 = ORIENTED_EDGE ( 'NONE', *, *, #341, .F. ) ;
#179 = VECTOR ( 'NONE', #1726, 1000.000000000000000 ) ;
#180 = VECTOR ( 'NONE', #715, 1000.000000000000000 ) ;
#181 = ORIENTED_EDGE ( 'NONE', *, *, #244, .F. ) ;
#182 =( NAMED_UNIT ( * ) SI_UNIT ( $, .STERADIAN. ) SOLID_ANGLE_UNIT ( ) );
#183 = LINE ( 'NONE', #970, #129 ) ;
#184 = ORIENTED_EDGE ( 'NONE', *, *, #1190, .T. ) ;
#185 = DIRECTION ( 'NONE',  ( 0.0000000000000000000, -0.0000000000000000000, 1.000000000000000000 ) ) ;
#186 = CARTESIAN_POINT ( 'NONE',  ( -1.448000000000000200, 0.9030000000000000200, 0.0000000000000000000 ) ) ;
#187 = CARTESIAN_POINT ( 'NONE',  ( 0.1520000000000000000, 1.194000000000000000, 0.0000000000000000000 ) ) ;
#188 = VECTOR ( 'NONE', #475, 1000.000000000000000 ) ;
#189 = EDGE_CURVE ( 'NONE', #2411, #1778, #2593, .T. ) ;
#190 = DIRECTION ( 'NONE',  ( -0.0000000000000000000, 0.0000000000000000000, -1.000000000000000000 ) ) ;
#191 = AXIS2_PLACEMENT_3D ( 'NONE', #622, #834, #2025 ) ;
#192 = FILL_AREA_STYLE_COLOUR ( '', #46 ) ;
#193 = DIRECTION ( 'NONE',  ( -0.0000000000000000000, -0.0000000000000000000, -1.000000000000000000 ) ) ;
#194 = CARTESIAN_POINT ( 'NONE',  ( 0.9140000000000001500, 0.09800000000000000400, 0.0000000000000000000 ) ) ;
#195 = CARTESIAN_POINT ( 'NONE',  ( 1.448000000000000200, -0.9030000000000000200, 0.05099999999999999700 ) ) ;
#196 = LINE ( 'NONE', #674, #1640 ) ;
#197 = PRESENTATION_LAYER_ASSIGNMENT (  '', '', ( #2547 ) ) ;
#198 = CARTESIAN_POINT ( 'NONE',  ( 0.9140000000000001500, 0.5979999999999999800, 0.0000000000000000000 ) ) ;
#199 = PLANE ( 'NONE',  #700 ) ;
#200 = FACE_OUTER_BOUND ( 'NONE', #2539, .T. ) ;
#201 = CARTESIAN_POINT ( 'NONE',  ( -0.6530000000000000200, 0.6600000000000000300, 0.0000000000000000000 ) ) ;
#202 = DIRECTION ( 'NONE',  ( 0.0000000000000000000, -0.0000000000000000000, 1.000000000000000000 ) ) ;
#203 = LINE ( 'NONE', #2094, #2088 ) ;
#204 = DIRECTION ( 'NONE',  ( 0.0000000000000000000, 1.000000000000000000, 0.0000000000000000000 ) ) ;
#205 = ORIENTED_EDGE ( 'NONE', *, *, #756, .T. ) ;
#206 = EDGE_CURVE ( 'NONE', #251, #481, #699, .T. ) ;
#207 = ORIENTED_EDGE ( 'NONE', *, *, #719, .F. ) ;
#208 = ORIENTED_EDGE ( 'NONE', *, *, #2392, .F. ) ;
#209 = VERTEX_POINT ( 'NONE', #1407 ) ;
#210 = ORIENTED_EDGE ( 'NONE', *, *, #2333, .F. ) ;
#211 = VECTOR ( 'NONE', #891, 1000.000000000000000 ) ;
#212 = LINE ( 'NONE', #2157, #1225 ) ;
#213 = CARTESIAN_POINT ( 'NONE',  ( 0.1520000000000000000, -1.194000000000000000, 0.0000000000000000000 ) ) ;
#214 = PRESENTATION_LAYER_ASSIGNMENT (  '', '', ( #2560 ) ) ;
#215 = CARTESIAN_POINT ( 'NONE',  ( 0.9140000000000001500, -0.4020000000000000200, 0.05099999999999999700 ) ) ;
#216 = DIRECTION ( 'NONE',  ( 0.0000000000000000000, 0.0000000000000000000, 1.000000000000000000 ) ) ;
#217 = CARTESIAN_POINT ( 'NONE',  ( -1.448000000000000200, -0.09800000000000000400, 0.0000000000000000000 ) ) ;
#218 = SURFACE_STYLE_FILL_AREA ( #1567 ) ;
#219 = LINE ( 'NONE', #2459, #2300 ) ;
#220 = ORIENTED_EDGE ( 'NONE', *, *, #2523, .F. ) ;
#221 = DIRECTION ( 'NONE',  ( -0.0000000000000000000, -1.000000000000000000, -0.0000000000000000000 ) ) ;
#222 = ORIENTED_EDGE ( 'NONE', *, *, #805, .F. ) ;
#223 = LINE ( 'NONE', #1077, #626 ) ;
#224 = EDGE_CURVE ( 'NONE', #1763, #2009, #1746, .T. ) ;
#225 = CARTESIAN_POINT ( 'NONE',  ( 1.448000000000000200, -0.9030000000000000200, 0.0000000000000000000 ) ) ;
#226 = CARTESIAN_POINT ( 'NONE',  ( 0.9140000000000001500, 0.5979999999999999800, 0.0000000000000000000 ) ) ;
#227 = EDGE_CURVE ( 'NONE', #1379, #1437, #556, .T. ) ;
#228 =( GEOMETRIC_REPRESENTATION_CONTEXT ( 3 ) GLOBAL_UNCERTAINTY_ASSIGNED_CONTEXT ( ( #771 ) ) GLOBAL_UNIT_ASSIGNED_CONTEXT ( ( #88, #1290, #2498 ) ) REPRESENTATION_CONTEXT ( 'NONE', 'WORKASPACE' ) );
#229 = DIRECTION ( 'NONE',  ( -0.0000000000000000000, 0.0000000000000000000, 1.000000000000000000 ) ) ;
#230 = PLANE ( 'NONE',  #2277 ) ;
#231 = DIRECTION ( 'NONE',  ( 0.0000000000000000000, 1.000000000000000000, -0.0000000000000000000 ) ) ;
#232 = CARTESIAN_POINT ( 'NONE',  ( 1.448000000000000200, 0.9030000000000000200, 0.0000000000000000000 ) ) ;
#233 = CARTESIAN_POINT ( 'NONE',  ( 1.448000000000000200, -0.4020000000000000200, 0.05099999999999999700 ) ) ;
#234 = LINE ( 'NONE', #2574, #2027 ) ;
#235 = DIRECTION ( 'NONE',  ( 0.0000000000000000000, 0.0000000000000000000, -1.000000000000000000 ) ) ;
#236 = LINE ( 'NONE', #840, #296 ) ;
#237 = ORIENTED_EDGE ( 'NONE', *, *, #756, .F. ) ;
#238 = LINE ( 'NONE', #488, #2602 ) ;
#239 = LINE ( 'NONE', #217, #1244 ) ;
#240 = ORIENTED_EDGE ( 'NONE', *, *, #1322, .T. ) ;
#241 = DIRECTION ( 'NONE',  ( 0.0000000000000000000, 1.000000000000000000, 0.0000000000000000000 ) ) ;
#242 = CARTESIAN_POINT ( 'NONE',  ( -1.448000000000000200, -0.09800000000000000400, 0.0000000000000000000 ) ) ;
#243 = ORIENTED_EDGE ( 'NONE', *, *, #1494, .T. ) ;
#244 = EDGE_CURVE ( 'NONE', #1437, #878, #120, .T. ) ;
#245 = VERTEX_POINT ( 'NONE', #324 ) ;
#246 = DIRECTION ( 'NONE',  ( 0.0000000000000000000, -0.0000000000000000000, 1.000000000000000000 ) ) ;
#247 = LINE ( 'NONE', #2003, #1841 ) ;
#248 = CARTESIAN_POINT ( 'NONE',  ( -0.9140000000000001500, 0.5979999999999999800, 0.0000000000000000000 ) ) ;
#249 = ORIENTED_EDGE ( 'NONE', *, *, #2013, .F. ) ;
#250 = STYLED_ITEM ( 'NONE', ( #1739 ), #815 ) ;
#251 = VERTEX_POINT ( 'NONE', #2605 ) ;
#252 = CARTESIAN_POINT ( 'NONE',  ( 0.3479999999999999800, -0.6600000000000000300, 0.0000000000000000000 ) ) ;
#253 = CARTESIAN_POINT ( 'NONE',  ( -0.9140000000000001500, -0.4020000000000000200, 0.0000000000000000000 ) ) ;
#254 = CARTESIAN_POINT ( 'NONE',  ( 0.9140000000000001500, -0.09800000000000000400, 0.0000000000000000000 ) ) ;
#255 = CARTESIAN_POINT ( 'NONE',  ( 1.548999999999999900, -1.294999999999999900, 0.05099999999999999700 ) ) ;
#256 = PRODUCT_DEFINITION_CONTEXT ( 'detailed design', #1997, 'design' ) ;
#257 = EDGE_CURVE ( 'NONE', #1865, #2329, #426, .T. ) ;
#258 = PLANE ( 'NONE',  #1615 ) ;
#259 = DIRECTION ( 'NONE',  ( 0.0000000000000000000, 1.000000000000000000, 0.0000000000000000000 ) ) ;
#260 = CARTESIAN_POINT ( 'NONE',  ( -1.448000000000000200, 0.9030000000000000200, 0.0000000000000000000 ) ) ;
#261 = ORIENTED_EDGE ( 'NONE', *, *, #2590, .F. ) ;
#262 = DIRECTION ( 'NONE',  ( 1.000000000000000000, 0.0000000000000000000, -0.0000000000000000000 ) ) ;
#263 = AXIS2_PLACEMENT_3D ( 'NONE', #2077, #1049, #2258 ) ;
#264 = AXIS2_PLACEMENT_3D ( 'NONE', #1191, #2051, #2380 ) ;
#265 = DIRECTION ( 'NONE',  ( -0.0000000000000000000, 0.0000000000000000000, -1.000000000000000000 ) ) ;
#266 = VECTOR ( 'NONE', #987, 1000.000000000000000 ) ;
#267 = LINE ( 'NONE', #1673, #545 ) ;
#268 = ORIENTED_EDGE ( 'NONE', *, *, #1593, .F. ) ;
#269 = ORIENTED_EDGE ( 'NONE', *, *, #2049, .T. ) ;
#270 = ORIENTED_EDGE ( 'NONE', *, *, #862, .F. ) ;
#271 = EDGE_LOOP ( 'NONE', ( #2290, #821, #429, #2223 ) ) ;
#272 = ORIENTED_EDGE ( 'NONE', *, *, #506, .F. ) ;
#273 = FILL_AREA_STYLE ('',( #468 ) ) ;
#274 = PLANE ( 'NONE',  #295 ) ;
#275 = EDGE_CURVE ( 'NONE', #1367, #2426, #1089, .T. ) ;
#276 = VECTOR ( 'NONE', #204, 1000.000000000000000 ) ;
#277 = LINE ( 'NONE', #1086, #1280 ) ;
#278 = CARTESIAN_POINT ( 'NONE',  ( -1.448000000000000200, 0.4020000000000000200, 0.0000000000000000000 ) ) ;
#279 = FACE_OUTER_BOUND ( 'NONE', #1840, .T. ) ;
#280 = VECTOR ( 'NONE', #838, 1000.000000000000000 ) ;
#281 = ORIENTED_EDGE ( 'NONE', *, *, #640, .T. ) ;
#282 = CARTESIAN_POINT ( 'NONE',  ( -1.240000000000000000, 0.7500000000000000000, 1.397000000000000000 ) ) ;
#283 = PRODUCT_DEFINITION_FORMATION_WITH_SPECIFIED_SOURCE ( 'ANY', '', #923, .NOT_KNOWN. ) ;
#284 = CARTESIAN_POINT ( 'NONE',  ( -1.448000000000000200, -0.09800000000000000400, 0.0000000000000000000 ) ) ;
#285 = SURFACE_SIDE_STYLE ('',( #1062 ) ) ;
#286 = ADVANCED_FACE ( 'NONE', ( #713 ), #137, .T. ) ;
#287 = UNCERTAINTY_MEASURE_WITH_UNIT (LENGTH_MEASURE( 1.000000000000000100E-005 ), #409, 'distance_accuracy_value', 'NONE');
#288 = EDGE_CURVE ( 'NONE', #1278, #967, #830, .T. ) ;
#289 = PLANE ( 'NONE',  #1881 ) ;
#290 = DIRECTION ( 'NONE',  ( -1.000000000000000000, 0.0000000000000000000, -0.0000000000000000000 ) ) ;
#291 = DIRECTION ( 'NONE',  ( 0.0000000000000000000, -0.0000000000000000000, -1.000000000000000000 ) ) ;
#292 = CARTESIAN_POINT ( 'NONE',  ( 0.9140000000000001500, 0.5979999999999999800, 0.0000000000000000000 ) ) ;
#293 = CARTESIAN_POINT ( 'NONE',  ( 0.3479999999999999800, -0.6600000000000000300, 0.0000000000000000000 ) ) ;
#294 = CARTESIAN_POINT ( 'NONE',  ( 0.1520000000000000000, 0.6600000000000000300, 0.0000000000000000000 ) ) ;
#295 = AXIS2_PLACEMENT_3D ( 'NONE', #1601, #40, #1809 ) ;
#296 = VECTOR ( 'NONE', #2035, 1000.000000000000000 ) ;
#297 = ORIENTED_EDGE ( 'NONE', *, *, #1334, .T. ) ;
#298 = FACE_OUTER_BOUND ( 'NONE', #1043, .T. ) ;
#299 = DIRECTION ( 'NONE',  ( 0.0000000000000000000, 1.000000000000000000, 0.0000000000000000000 ) ) ;
#300 = ADVANCED_FACE ( 'NONE', ( #1192 ), #1994, .T. ) ;
#301 = LINE ( 'NONE', #255, #1309 ) ;
#302 = ORIENTED_EDGE ( 'NONE', *, *, #1700, .F. ) ;
#303 = ORIENTED_EDGE ( 'NONE', *, *, #692, .T. ) ;
#304 = VERTEX_POINT ( 'NONE', #1829 ) ;
#305 = ORIENTED_EDGE ( 'NONE', *, *, #1837, .F. ) ;
#306 = EDGE_CURVE ( 'NONE', #1921, #1137, #661, .T. ) ;
#307 = EDGE_LOOP ( 'NONE', ( #1410, #1909, #249, #167 ) ) ;
#308 = DIRECTION ( 'NONE',  ( 0.0000000000000000000, 1.000000000000000000, 0.0000000000000000000 ) ) ;
#309 = DIRECTION ( 'NONE',  ( 0.0000000000000000000, 0.0000000000000000000, 1.000000000000000000 ) ) ;
#310 = ORIENTED_EDGE ( 'NONE', *, *, #1475, .T. ) ;
#311 = EDGE_CURVE ( 'NONE', #2008, #209, #1920, .T. ) ;
#312 = EDGE_LOOP ( 'NONE', ( #2396, #2597, #1707, #1245 ) ) ;
#313 = ADVANCED_FACE ( 'NONE', ( #359 ), #1541, .T. ) ;
#314 = DIRECTION ( 'NONE',  ( 0.0000000000000000000, -0.0000000000000000000, 1.000000000000000000 ) ) ;
#315 = CARTESIAN_POINT ( 'NONE',  ( -1.448000000000000200, 0.4020000000000000200, 0.0000000000000000000 ) ) ;
#316 =( LENGTH_UNIT ( ) NAMED_UNIT ( * ) SI_UNIT ( .MILLI., .METRE. ) );
#317 = CARTESIAN_POINT ( 'NONE',  ( 0.3479999999999999800, 1.194000000000000000, 0.0000000000000000000 ) ) ;
#318 = EDGE_CURVE ( 'NONE', #481, #619, #89, .T. ) ;
#319 = PLANE ( 'NONE',  #1692 ) ;
#320 = DIRECTION ( 'NONE',  ( -1.000000000000000000, -0.0000000000000000000, -0.0000000000000000000 ) ) ;
#321 = ADVANCED_FACE ( 'NONE', ( #1090 ), #1466, .T. ) ;
#322 = SURFACE_STYLE_FILL_AREA ( #2472 ) ;
#323 = CARTESIAN_POINT ( 'NONE',  ( -0.6530000000000000200, -0.6600000000000000300, 0.0000000000000000000 ) ) ;
#324 = CARTESIAN_POINT ( 'NONE',  ( -0.1520000000000000000, -0.6600000000000000300, 0.0000000000000000000 ) ) ;
#325 = PRESENTATION_LAYER_ASSIGNMENT (  '', '', ( #67 ) ) ;
#326 = LINE ( 'NONE', #2123, #873 ) ;
#327 = VERTEX_POINT ( 'NONE', #215 ) ;
#328 = LINE ( 'NONE', #2303, #1340 ) ;
#329 = ORIENTED_EDGE ( 'NONE', *, *, #2316, .F. ) ;
#330 = MECHANICAL_DESIGN_GEOMETRIC_PRESENTATION_REPRESENTATION (  '', ( #2547 ), #464 ) ;
#331 = ORIENTED_EDGE ( 'NONE', *, *, #874, .T. ) ;
#332 = ORIENTED_EDGE ( 'NONE', *, *, #1894, .F. ) ;
#333 = EDGE_LOOP ( 'NONE', ( #1071, #1857, #55, #1162 ) ) ;
#334 = ORIENTED_EDGE ( 'NONE', *, *, #1395, .F. ) ;
#335 = CARTESIAN_POINT ( 'NONE',  ( -1.448000000000000200, -0.9030000000000000200, 0.0000000000000000000 ) ) ;
#336 = CARTESIAN_POINT ( 'NONE',  ( 0.9140000000000001500, 0.9030000000000000200, 0.0000000000000000000 ) ) ;
#337 = MANIFOLD_SOLID_BREP ( 'Imported16', #170 ) ;
#338 = VECTOR ( 'NONE', #1208, 1000.000000000000000 ) ;
#339 = ADVANCED_FACE ( 'NONE', ( #1910 ), #732, .T. ) ;
#340 = VECTOR ( 'NONE', #1969, 1000.000000000000000 ) ;
#341 = EDGE_CURVE ( 'NONE', #304, #793, #1383, .T. ) ;
#342 = LINE ( 'NONE', #567, #2424 ) ;
#343 = VECTOR ( 'NONE', #1456, 1000.000000000000000 ) ;
#344 = ORIENTED_EDGE ( 'NONE', *, *, #156, .F. ) ;
#345 = CARTESIAN_POINT ( 'NONE',  ( -0.3479999999999999800, 0.6600000000000000300, 0.0000000000000000000 ) ) ;
#346 = AXIS2_PLACEMENT_3D ( 'NONE', #869, #1006, #265 ) ;
#347 = VECTOR ( 'NONE', #416, 1000.000000000000000 ) ;
#348 = MECHANICAL_DESIGN_GEOMETRIC_PRESENTATION_REPRESENTATION (  '', ( #2560 ), #473 ) ;
#349 =( NAMED_UNIT ( * ) SI_UNIT ( $, .STERADIAN. ) SOLID_ANGLE_UNIT ( ) );
#350 = ADVANCED_FACE ( 'NONE', ( #1838 ), #2139, .T. ) ;
#351 = FILL_AREA_STYLE_COLOUR ( '', #762 ) ;
#352 = EDGE_CURVE ( 'NONE', #813, #1168, #839, .T. ) ;
#353 = EDGE_CURVE ( 'NONE', #1367, #1688, #1312, .T. ) ;
#354 = CARTESIAN_POINT ( 'NONE',  ( 1.548999999999999900, 1.294999999999999900, 0.05099999999999999700 ) ) ;
#355 = FACE_OUTER_BOUND ( 'NONE', #1537, .T. ) ;
#356 = ORIENTED_EDGE ( 'NONE', *, *, #662, .T. ) ;
#357 = COLOUR_RGB ( '',0.7215686274509803800, 0.7215686274509803800, 0.7215686274509803800 ) ;
#358 = DIRECTION ( 'NONE',  ( -1.000000000000000000, -0.0000000000000000000, -0.0000000000000000000 ) ) ;
#359 = FACE_OUTER_BOUND ( 'NONE', #127, .T. ) ;
#360 = FACE_OUTER_BOUND ( 'NONE', #424, .T. ) ;
#361 = VERTEX_POINT ( 'NONE', #926 ) ;
#362 = ORIENTED_EDGE ( 'NONE', *, *, #2500, .T. ) ;
#363 = ADVANCED_FACE ( 'NONE', ( #1972 ), #2283, .T. ) ;
#364 = EDGE_LOOP ( 'NONE', ( #716, #1536, #178, #1004 ) ) ;
#365 = VERTEX_POINT ( 'NONE', #2126 ) ;
#366 =( LENGTH_UNIT ( ) NAMED_UNIT ( * ) SI_UNIT ( .MILLI., .METRE. ) );
#367 = UNCERTAINTY_MEASURE_WITH_UNIT (LENGTH_MEASURE( 1.000000000000000100E-005 ), #366, 'distance_accuracy_value', 'NONE');
#368 = ORIENTED_EDGE ( 'NONE', *, *, #493, .T. ) ;
#369 = ORIENTED_EDGE ( 'NONE', *, *, #1443, .T. ) ;
#370 = COLOUR_RGB ( '',0.7215686274509803800, 0.7215686274509803800, 0.7215686274509803800 ) ;
#371 = LINE ( 'NONE', #621, #2457 ) ;
#372 = CARTESIAN_POINT ( 'NONE',  ( -1.448000000000000200, -0.4020000000000000200, 0.0000000000000000000 ) ) ;
#373 = EDGE_CURVE ( 'NONE', #209, #455, #383, .T. ) ;
#374 = PLANE ( 'NONE',  #264 ) ;
#375 = CARTESIAN_POINT ( 'NONE',  ( -0.3479999999999999800, 0.6600000000000000300, 0.05099999999999999700 ) ) ;
#376 =( NAMED_UNIT ( * ) PLANE_ANGLE_UNIT ( ) SI_UNIT ( $, .RADIAN. ) );
#377 = ADVANCED_FACE ( 'NONE', ( #1324 ), #1861, .T. ) ;
#378 = VERTEX_POINT ( 'NONE', #2037 ) ;
#379 = AXIS2_PLACEMENT_3D ( 'NONE', #1685, #84, #1284 ) ;
#380 = DIRECTION ( 'NONE',  ( 0.0000000000000000000, -0.0000000000000000000, 1.000000000000000000 ) ) ;
#381 = CLOSED_SHELL ( 'NONE', ( #900, #1703, #1094, #2164, #928, #536 ) ) ;
#382 = DIRECTION ( 'NONE',  ( 0.0000000000000000000, 0.0000000000000000000, 1.000000000000000000 ) ) ;
#383 = LINE ( 'NONE', #2480, #1404 ) ;
#384 = DIRECTION ( 'NONE',  ( -0.0000000000000000000, -0.0000000000000000000, -1.000000000000000000 ) ) ;
#385 = EDGE_CURVE ( 'NONE', #1346, #1624, #68, .T. ) ;
#386 = EDGE_LOOP ( 'NONE', ( #974, #2448, #1457, #1711 ) ) ;
#387 = LINE ( 'NONE', #109, #2408 ) ;
#388 = DIRECTION ( 'NONE',  ( -1.000000000000000000, 0.0000000000000000000, -0.0000000000000000000 ) ) ;
#389 = LINE ( 'NONE', #1108, #1408 ) ;
#390 = VERTEX_POINT ( 'NONE', #284 ) ;
#391 = ORIENTED_EDGE ( 'NONE', *, *, #1701, .F. ) ;
#392 = ORIENTED_EDGE ( 'NONE', *, *, #575, .F. ) ;
#393 = CARTESIAN_POINT ( 'NONE',  ( -1.448000000000000200, -0.4020000000000000200, 0.05099999999999999700 ) ) ;
#394 = DIRECTION ( 'NONE',  ( 0.0000000000000000000, 1.000000000000000000, 0.0000000000000000000 ) ) ;
#395 = CARTESIAN_POINT ( 'NONE',  ( -1.448000000000000200, -0.4020000000000000200, 0.0000000000000000000 ) ) ;
#396 = ORIENTED_EDGE ( 'NONE', *, *, #1065, .T. ) ;
#397 = ORIENTED_EDGE ( 'NONE', *, *, #559, .T. ) ;
#398 = CARTESIAN_POINT ( 'NONE',  ( -1.448000000000000200, -0.09800000000000000400, 0.05099999999999999700 ) ) ;
#399 = LINE ( 'NONE', #1981, #887 ) ;
#400 = CARTESIAN_POINT ( 'NONE',  ( 0.9140000000000001500, 0.9030000000000000200, 0.0000000000000000000 ) ) ;
#401 = PLANE ( 'NONE',  #1070 ) ;
#402 = DIRECTION ( 'NONE',  ( 0.0000000000000000000, 1.000000000000000000, 0.0000000000000000000 ) ) ;
#403 = PLANE ( 'NONE',  #2101 ) ;
#404 = EDGE_CURVE ( 'NONE', #1307, #1968, #2332, .T. ) ;
#405 = CARTESIAN_POINT ( 'NONE',  ( 0.1520000000000000000, -1.194000000000000000, 0.05099999999999999700 ) ) ;
#406 = CARTESIAN_POINT ( 'NONE',  ( 0.6530000000000000200, -1.194000000000000000, 0.0000000000000000000 ) ) ;
#407 = STYLED_ITEM ( 'NONE', ( #2456 ), #1267 ) ;
#408 = DIRECTION ( 'NONE',  ( 1.000000000000000000, 0.0000000000000000000, -0.0000000000000000000 ) ) ;
#409 =( LENGTH_UNIT ( ) NAMED_UNIT ( * ) SI_UNIT ( .MILLI., .METRE. ) );
#410 = PRODUCT_RELATED_PRODUCT_CATEGORY ( 'part', '', ( #923 ) ) ;
#411 = PLANE ( 'NONE',  #810 ) ;
#412 = VECTOR ( 'NONE', #262, 1000.000000000000000 ) ;
#413 = CARTESIAN_POINT ( 'NONE',  ( 0.9140000000000001500, 0.5979999999999999800, 0.05099999999999999700 ) ) ;
#414 = DIRECTION ( 'NONE',  ( 1.000000000000000000, 0.0000000000000000000, -0.0000000000000000000 ) ) ;
#415 = VECTOR ( 'NONE', #2249, 1000.000000000000000 ) ;
#416 = DIRECTION ( 'NONE',  ( -1.000000000000000000, 0.0000000000000000000, -0.0000000000000000000 ) ) ;
#417 = LINE ( 'NONE', #445, #904 ) ;
#418 = DIRECTION ( 'NONE',  ( -0.0000000000000000000, -1.000000000000000000, -0.0000000000000000000 ) ) ;
#419 = VERTEX_POINT ( 'NONE', #2304 ) ;
#420 = CARTESIAN_POINT ( 'NONE',  ( -1.448000000000000200, -0.9030000000000000200, 0.05099999999999999700 ) ) ;
#421 = VECTOR ( 'NONE', #945, 1000.000000000000000 ) ;
#422 = EDGE_CURVE ( 'NONE', #500, #1844, #1889, .T. ) ;
#423 = EDGE_LOOP ( 'NONE', ( #562, #744, #648, #1315 ) ) ;
#424 = EDGE_LOOP ( 'NONE', ( #1313, #881, #1084, #1620 ) ) ;
#425 = CARTESIAN_POINT ( 'NONE',  ( -0.6530000000000000200, 1.194000000000000000, 0.05099999999999999700 ) ) ;
#426 = LINE ( 'NONE', #1610, #643 ) ;
#427 = ORIENTED_EDGE ( 'NONE', *, *, #2432, .T. ) ;
#428 = PRESENTATION_STYLE_ASSIGNMENT (( #1401 ) ) ;
#429 = ORIENTED_EDGE ( 'NONE', *, *, #1611, .F. ) ;
#430 = VERTEX_POINT ( 'NONE', #687 ) ;
#431 = CARTESIAN_POINT ( 'NONE',  ( 0.9140000000000001500, -0.5979999999999999800, 0.0000000000000000000 ) ) ;
#432 = AXIS2_PLACEMENT_3D ( 'NONE', #776, #1415, #2509 ) ;
#433 =( NAMED_UNIT ( * ) PLANE_ANGLE_UNIT ( ) SI_UNIT ( $, .RADIAN. ) );
#434 = LINE ( 'NONE', #946, #1575 ) ;
#435 = LINE ( 'NONE', #1708, #2520 ) ;
#436 = ORIENTED_EDGE ( 'NONE', *, *, #559, .F. ) ;
#437 = EDGE_CURVE ( 'NONE', #144, #1246, #1583, .T. ) ;
#438 = CARTESIAN_POINT ( 'NONE',  ( -0.3479999999999999800, -1.194000000000000000, 0.0000000000000000000 ) ) ;
#439 = DIRECTION ( 'NONE',  ( -0.0000000000000000000, -0.0000000000000000000, -1.000000000000000000 ) ) ;
#440 = DIRECTION ( 'NONE',  ( 0.0000000000000000000, 1.000000000000000000, 0.0000000000000000000 ) ) ;
#441 = CARTESIAN_POINT ( 'NONE',  ( -0.1520000000000000000, -1.194000000000000000, 0.05099999999999999700 ) ) ;
#442 = CARTESIAN_POINT ( 'NONE',  ( -0.9140000000000001500, -0.4020000000000000200, 0.05099999999999999700 ) ) ;
#443 = EDGE_CURVE ( 'NONE', #97, #327, #1232, .T. ) ;
#444 = AXIS2_PLACEMENT_3D ( 'NONE', #1289, #1665, #1669 ) ;
#445 = CARTESIAN_POINT ( 'NONE',  ( 1.448000000000000200, 0.9030000000000000200, 0.0000000000000000000 ) ) ;
#446 = DIRECTION ( 'NONE',  ( -1.000000000000000000, 0.0000000000000000000, -0.0000000000000000000 ) ) ;
#447 = CARTESIAN_POINT ( 'NONE',  ( 1.548999999999999900, 1.294999999999999900, 0.05099999999999999700 ) ) ;
#448 = CARTESIAN_POINT ( 'NONE',  ( -0.3479999999999999800, -1.194000000000000000, 0.05099999999999999700 ) ) ;
#449 = VECTOR ( 'NONE', #2106, 1000.000000000000000 ) ;
#450 = LINE ( 'NONE', #2280, #1470 ) ;
#451 = VERTEX_POINT ( 'NONE', #441 ) ;
#452 = CARTESIAN_POINT ( 'NONE',  ( 0.9140000000000001500, -0.5979999999999999800, 0.0000000000000000000 ) ) ;
#453 = DIRECTION ( 'NONE',  ( 0.0000000000000000000, -0.0000000000000000000, 1.000000000000000000 ) ) ;
#454 = CARTESIAN_POINT ( 'NONE',  ( -1.304770000000000000, 0.7500000000000000000, 1.397000000000000000 ) ) ;
#455 = VERTEX_POINT ( 'NONE', #1234 ) ;
#456 = EDGE_CURVE ( 'NONE', #378, #609, #2146, .T. ) ;
#457 = EDGE_LOOP ( 'NONE', ( #1435, #331, #2301, #748 ) ) ;
#458 = CARTESIAN_POINT ( 'NONE',  ( 1.448000000000000200, -0.5979999999999999800, 0.05099999999999999700 ) ) ;
#459 = ORIENTED_EDGE ( 'NONE', *, *, #165, .F. ) ;
#460 = ORIENTED_EDGE ( 'NONE', *, *, #539, .F. ) ;
#461 = MECHANICAL_DESIGN_GEOMETRIC_PRESENTATION_REPRESENTATION (  '', ( #67 ), #596 ) ;
#462 = ORIENTED_EDGE ( 'NONE', *, *, #1580, .F. ) ;
#463 = DIRECTION ( 'NONE',  ( -0.0000000000000000000, -1.000000000000000000, -0.0000000000000000000 ) ) ;
#464 =( GEOMETRIC_REPRESENTATION_CONTEXT ( 3 ) GLOBAL_UNCERTAINTY_ASSIGNED_CONTEXT ( ( #635 ) ) GLOBAL_UNIT_ASSIGNED_CONTEXT ( ( #1154, #2562, #1363 ) ) REPRESENTATION_CONTEXT ( 'NONE', 'WORKASPACE' ) );
#465 = VECTOR ( 'NONE', #1605, 1000.000000000000000 ) ;
#466 = EDGE_LOOP ( 'NONE', ( #1973, #1716, #1961, #1786 ) ) ;
#467 = EDGE_CURVE ( 'NONE', #2070, #378, #223, .T. ) ;
#468 = FILL_AREA_STYLE_COLOUR ( '', #1269 ) ;
#469 = DIRECTION ( 'NONE',  ( -1.000000000000000000, 0.0000000000000000000, -0.0000000000000000000 ) ) ;
#470 = DIRECTION ( 'NONE',  ( 0.0000000000000000000, -0.0000000000000000000, 1.000000000000000000 ) ) ;
#471 = UNCERTAINTY_MEASURE_WITH_UNIT (LENGTH_MEASURE( 1.000000000000000100E-005 ), #316, 'distance_accuracy_value', 'NONE');
#472 = FACE_OUTER_BOUND ( 'NONE', #549, .T. ) ;
#473 =( GEOMETRIC_REPRESENTATION_CONTEXT ( 3 ) GLOBAL_UNCERTAINTY_ASSIGNED_CONTEXT ( ( #2522 ) ) GLOBAL_UNIT_ASSIGNED_CONTEXT ( ( #2524, #2278, #2244 ) ) REPRESENTATION_CONTEXT ( 'NONE', 'WORKASPACE' ) );
#474 = DIRECTION ( 'NONE',  ( 0.0000000000000000000, 0.0000000000000000000, 1.000000000000000000 ) ) ;
#475 = DIRECTION ( 'NONE',  ( 1.000000000000000000, 0.0000000000000000000, -0.0000000000000000000 ) ) ;
#476 = PLANE ( 'NONE',  #1449 ) ;
#477 = PLANE ( 'NONE',  #2327 ) ;
#478 = LINE ( 'NONE', #142, #1082 ) ;
#479 = VECTOR ( 'NONE', #1478, 1000.000000000000000 ) ;
#480 = FILL_AREA_STYLE_COLOUR ( '', #527 ) ;
#481 = VERTEX_POINT ( 'NONE', #2184 ) ;
#482 = VECTOR ( 'NONE', #138, 1000.000000000000000 ) ;
#483 = EDGE_LOOP ( 'NONE', ( #90, #1, #1908, #781 ) ) ;
#484 = ORIENTED_EDGE ( 'NONE', *, *, #955, .F. ) ;
#485 = EDGE_CURVE ( 'NONE', #1629, #1836, #985, .T. ) ;
#486 = ORIENTED_EDGE ( 'NONE', *, *, #2079, .F. ) ;
#487 = ORIENTED_EDGE ( 'NONE', *, *, #888, .F. ) ;
#488 = CARTESIAN_POINT ( 'NONE',  ( 0.9140000000000001500, 0.9030000000000000200, 0.05099999999999999700 ) ) ;
#489 = DIRECTION ( 'NONE',  ( 0.0000000000000000000, 1.000000000000000000, 0.0000000000000000000 ) ) ;
#490 = DIRECTION ( 'NONE',  ( -1.000000000000000000, 0.0000000000000000000, -0.0000000000000000000 ) ) ;
#491 = DIRECTION ( 'NONE',  ( 1.000000000000000000, -0.0000000000000000000, 0.0000000000000000000 ) ) ;
#492 = CARTESIAN_POINT ( 'NONE',  ( 1.448000000000000200, -0.9030000000000000200, 0.05099999999999999700 ) ) ;
#493 = EDGE_CURVE ( 'NONE', #1599, #2070, #2205, .T. ) ;
#494 = FACE_OUTER_BOUND ( 'NONE', #1477, .T. ) ;
#495 = EDGE_LOOP ( 'NONE', ( #2086, #1939, #969, #74 ) ) ;
#496 = DIRECTION ( 'NONE',  ( -1.000000000000000000, 0.0000000000000000000, -0.0000000000000000000 ) ) ;
#497 = VECTOR ( 'NONE', #1738, 1000.000000000000000 ) ;
#498 = ADVANCED_FACE ( 'NONE', ( #568 ), #2230, .T. ) ;
#499 = VECTOR ( 'NONE', #1639, 1000.000000000000000 ) ;
#500 = VERTEX_POINT ( 'NONE', #592 ) ;
#501 = CARTESIAN_POINT ( 'NONE',  ( -0.3479999999999999800, 1.194000000000000000, 0.05099999999999999700 ) ) ;
#502 = DIRECTION ( 'NONE',  ( -1.000000000000000000, 0.0000000000000000000, -0.0000000000000000000 ) ) ;
#503 = PLANE ( 'NONE',  #2052 ) ;
#504 = DIRECTION ( 'NONE',  ( 0.0000000000000000000, 1.000000000000000000, -0.0000000000000000000 ) ) ;
#505 = VERTEX_POINT ( 'NONE', #2194 ) ;
#506 = EDGE_CURVE ( 'NONE', #2445, #2449, #1850, .T. ) ;
#507 = PLANE ( 'NONE',  #1072 ) ;
#508 = CARTESIAN_POINT ( 'NONE',  ( -0.3479999999999999800, 0.6600000000000000300, 0.0000000000000000000 ) ) ;
#509 = ADVANCED_FACE ( 'NONE', ( #100 ), #1590, .T. ) ;
#510 = DIRECTION ( 'NONE',  ( 0.0000000000000000000, 1.000000000000000000, 0.0000000000000000000 ) ) ;
#511 = PRESENTATION_LAYER_ASSIGNMENT (  '', '', ( #250 ) ) ;
#512 = AXIS2_PLACEMENT_3D ( 'NONE', #282, #474, #1891 ) ;
#513 = PRESENTATION_STYLE_ASSIGNMENT (( #1005 ) ) ;
#514 = CYLINDRICAL_SURFACE ( 'NONE', #512, 0.06477000000000002200 ) ;
#515 = DIRECTION ( 'NONE',  ( 0.0000000000000000000, -1.000000000000000000, 0.0000000000000000000 ) ) ;
#516 = SURFACE_SIDE_STYLE ('',( #1867 ) ) ;
#517 = CARTESIAN_POINT ( 'NONE',  ( 0.9140000000000001500, 0.4020000000000000200, 0.0000000000000000000 ) ) ;
#518 = LINE ( 'NONE', #2492, #2189 ) ;
#519 = ORIENTED_EDGE ( 'NONE', *, *, #1621, .F. ) ;
#520 = EDGE_LOOP ( 'NONE', ( #356, #1153, #1152, #1979 ) ) ;
#521 = ORIENTED_EDGE ( 'NONE', *, *, #404, .F. ) ;
#522 = ADVANCED_FACE ( 'NONE', ( #1455 ), #403, .T. ) ;
#523 = VERTEX_POINT ( 'NONE', #395 ) ;
#524 = EDGE_CURVE ( 'NONE', #430, #523, #2112, .T. ) ;
#525 = ORIENTED_EDGE ( 'NONE', *, *, #29, .F. ) ;
#526 = PLANE ( 'NONE',  #2144 ) ;
#527 = COLOUR_RGB ( '',0.7215686274509803800, 0.7215686274509803800, 0.7215686274509803800 ) ;
#528 = ORIENTED_EDGE ( 'NONE', *, *, #620, .T. ) ;
#529 = AXIS2_PLACEMENT_3D ( 'NONE', #537, #1642, #854 ) ;
#530 = DIRECTION ( 'NONE',  ( 0.0000000000000000000, 1.000000000000000000, -0.0000000000000000000 ) ) ;
#531 = VECTOR ( 'NONE', #2570, 1000.000000000000000 ) ;
#532 = MANIFOLD_SOLID_BREP ( 'Imported4', #1681 ) ;
#533 = AXIS2_PLACEMENT_3D ( 'NONE', #768, #1051, #608 ) ;
#534 =( LENGTH_UNIT ( ) NAMED_UNIT ( * ) SI_UNIT ( .MILLI., .METRE. ) );
#535 = PLANE ( 'NONE',  #2406 ) ;
#536 = ADVANCED_FACE ( 'NONE', ( #360 ), #274, .T. ) ;
#537 = CARTESIAN_POINT ( 'NONE',  ( 1.448000000000000200, -0.09800000000000000400, 0.0000000000000000000 ) ) ;
#538 = CARTESIAN_POINT ( 'NONE',  ( 0.3479999999999999800, 0.6600000000000000300, 0.05099999999999999700 ) ) ;
#539 = EDGE_CURVE ( 'NONE', #1010, #1061, #848, .T. ) ;
#540 = DIRECTION ( 'NONE',  ( -0.0000000000000000000, 0.0000000000000000000, -1.000000000000000000 ) ) ;
#541 = DIRECTION ( 'NONE',  ( -0.0000000000000000000, -1.000000000000000000, -0.0000000000000000000 ) ) ;
#542 = AXIS2_PLACEMENT_3D ( 'NONE', #2160, #2558, #1147 ) ;
#543 = COLOUR_RGB ( '',0.7215686274509803800, 0.7215686274509803800, 0.7215686274509803800 ) ;
#544 = ADVANCED_FACE ( 'NONE', ( #2444 ), #1619, .T. ) ;
#545 = VECTOR ( 'NONE', #2076, 1000.000000000000000 ) ;
#546 = ORIENTED_EDGE ( 'NONE', *, *, #1142, .T. ) ;
#547 = LINE ( 'NONE', #406, #22 ) ;
#548 = ORIENTED_EDGE ( 'NONE', *, *, #456, .F. ) ;
#549 = EDGE_LOOP ( 'NONE', ( #1839, #1713, #1389, #222 ) ) ;
#550 = DIRECTION ( 'NONE',  ( -0.0000000000000000000, 0.0000000000000000000, 1.000000000000000000 ) ) ;
#551 = CARTESIAN_POINT ( 'NONE',  ( 0.3479999999999999800, 0.6600000000000000300, 0.05099999999999999700 ) ) ;
#552 = PRESENTATION_STYLE_ASSIGNMENT (( #1138 ) ) ;
#553 = ORIENTED_EDGE ( 'NONE', *, *, #1439, .F. ) ;
#554 = VERTEX_POINT ( 'NONE', #448 ) ;
#555 = DIRECTION ( 'NONE',  ( 0.0000000000000000000, 0.0000000000000000000, 1.000000000000000000 ) ) ;
#556 = LINE ( 'NONE', #804, #2036 ) ;
#557 = VECTOR ( 'NONE', #1076, 1000.000000000000000 ) ;
#558 = ORIENTED_EDGE ( 'NONE', *, *, #924, .T. ) ;
#559 = EDGE_CURVE ( 'NONE', #2008, #2034, #301, .T. ) ;
#560 = VECTOR ( 'NONE', #1557, 1000.000000000000000 ) ;
#561 = FACE_OUTER_BOUND ( 'NONE', #938, .T. ) ;
#562 = ORIENTED_EDGE ( 'NONE', *, *, #1527, .T. ) ;
#563 = DIRECTION ( 'NONE',  ( 0.0000000000000000000, -1.000000000000000000, 0.0000000000000000000 ) ) ;
#564 = DIRECTION ( 'NONE',  ( -1.000000000000000000, 0.0000000000000000000, 0.0000000000000000000 ) ) ;
#565 = ADVANCED_FACE ( 'NONE', ( #1377 ), #1480, .T. ) ;
#566 = AXIS2_PLACEMENT_3D ( 'NONE', #187, #2248, #1799 ) ;
#567 = CARTESIAN_POINT ( 'NONE',  ( 1.448000000000000200, 0.4020000000000000200, 0.0000000000000000000 ) ) ;
#568 = FACE_OUTER_BOUND ( 'NONE', #386, .T. ) ;
#569 = CARTESIAN_POINT ( 'NONE',  ( 0.9140000000000001500, 0.09800000000000000400, 0.05099999999999999700 ) ) ;
#570 = STYLED_ITEM ( 'NONE', ( #1164 ), #2208 ) ;
#571 = DIRECTION ( 'NONE',  ( 0.0000000000000000000, -0.0000000000000000000, -1.000000000000000000 ) ) ;
#572 = CARTESIAN_POINT ( 'NONE',  ( 0.9140000000000001500, 0.4020000000000000200, 0.0000000000000000000 ) ) ;
#573 = CARTESIAN_POINT ( 'NONE',  ( 0.3479999999999999800, -1.194000000000000000, 0.0000000000000000000 ) ) ;
#574 = ADVANCED_FACE ( 'NONE', ( #785 ), #2454, .T. ) ;
#575 = EDGE_CURVE ( 'NONE', #688, #1654, #2318, .T. ) ;
#576 = CARTESIAN_POINT ( 'NONE',  ( 0.6530000000000000200, 0.6600000000000000300, 0.0000000000000000000 ) ) ;
#577 = EDGE_CURVE ( 'NONE', #390, #56, #239, .T. ) ;
#578 = LINE ( 'NONE', #2217, #1052 ) ;
#579 = CARTESIAN_POINT ( 'NONE',  ( 0.1520000000000000000, 0.6600000000000000300, 0.0000000000000000000 ) ) ;
#580 = LINE ( 'NONE', #194, #1595 ) ;
#581 = EDGE_LOOP ( 'NONE', ( #1276, #272, #268, #2614 ) ) ;
#582 = ORIENTED_EDGE ( 'NONE', *, *, #341, .T. ) ;
#583 = ORIENTED_EDGE ( 'NONE', *, *, #1021, .T. ) ;
#584 = PRODUCT_CONTEXT ( 'NONE', #2191, 'mechanical' ) ;
#585 = ORIENTED_EDGE ( 'NONE', *, *, #775, .T. ) ;
#586 = ORIENTED_EDGE ( 'NONE', *, *, #93, .F. ) ;
#587 = VECTOR ( 'NONE', #698, 1000.000000000000000 ) ;
#588 = COLOUR_RGB ( '',0.7215686274509803800, 0.7215686274509803800, 0.7215686274509803800 ) ;
#589 = ORIENTED_EDGE ( 'NONE', *, *, #2231, .F. ) ;
#590 = DIRECTION ( 'NONE',  ( -0.0000000000000000000, -1.000000000000000000, -0.0000000000000000000 ) ) ;
#591 = CARTESIAN_POINT ( 'NONE',  ( -0.1520000000000000000, 0.6600000000000000300, 0.0000000000000000000 ) ) ;
#592 = CARTESIAN_POINT ( 'NONE',  ( 0.1520000000000000000, -0.6600000000000000300, 0.05099999999999999700 ) ) ;
#593 = VECTOR ( 'NONE', #1571, 1000.000000000000000 ) ;
#594 = EDGE_CURVE ( 'NONE', #2218, #754, #2387, .T. ) ;
#595 = EDGE_LOOP ( 'NONE', ( #2511, #2267, #237, #1378 ) ) ;
#596 =( GEOMETRIC_REPRESENTATION_CONTEXT ( 3 ) GLOBAL_UNCERTAINTY_ASSIGNED_CONTEXT ( ( #1960 ) ) GLOBAL_UNIT_ASSIGNED_CONTEXT ( ( #2202, #803, #2000 ) ) REPRESENTATION_CONTEXT ( 'NONE', 'WORKASPACE' ) );
#597 = CARTESIAN_POINT ( 'NONE',  ( -0.1520000000000000000, -1.194000000000000000, 0.0000000000000000000 ) ) ;
#598 = CARTESIAN_POINT ( 'NONE',  ( -0.9140000000000001500, -0.5979999999999999800, 0.05099999999999999700 ) ) ;
#599 = CARTESIAN_POINT ( 'NONE',  ( -0.9140000000000001500, -0.9030000000000000200, 0.0000000000000000000 ) ) ;
#600 = CARTESIAN_POINT ( 'NONE',  ( -1.548999999999999900, -1.294999999999999900, 1.397000000000000000 ) ) ;
#601 = FACE_OUTER_BOUND ( 'NONE', #2337, .T. ) ;
#602 = VECTOR ( 'NONE', #1017, 1000.000000000000000 ) ;
#603 = DIRECTION ( 'NONE',  ( -0.0000000000000000000, -1.000000000000000000, -0.0000000000000000000 ) ) ;
#604 = CARTESIAN_POINT ( 'NONE',  ( 1.448000000000000200, 0.9030000000000000200, 0.0000000000000000000 ) ) ;
#605 = PLANE ( 'NONE',  #1382 ) ;
#606 = EDGE_CURVE ( 'NONE', #1508, #365, #710, .T. ) ;
#607 = LINE ( 'NONE', #2343, #2156 ) ;
#608 = DIRECTION ( 'NONE',  ( -0.0000000000000000000, 0.0000000000000000000, -1.000000000000000000 ) ) ;
#609 = VERTEX_POINT ( 'NONE', #654 ) ;
#610 = AXIS2_PLACEMENT_3D ( 'NONE', #14, #78, #446 ) ;
#611 = EDGE_LOOP ( 'NONE', ( #2475, #436, #816, #1222 ) ) ;
#612 = EDGE_LOOP ( 'NONE', ( #52, #1806, #1811, #82 ) ) ;
#613 = CARTESIAN_POINT ( 'NONE',  ( -0.6530000000000000200, 0.6600000000000000300, 0.0000000000000000000 ) ) ;
#614 = DIRECTION ( 'NONE',  ( 1.000000000000000000, 0.0000000000000000000, -0.0000000000000000000 ) ) ;
#615 = ORIENTED_EDGE ( 'NONE', *, *, #385, .F. ) ;
#616 = LINE ( 'NONE', #1068, #557 ) ;
#617 = ORIENTED_EDGE ( 'NONE', *, *, #719, .T. ) ;
#618 = VECTOR ( 'NONE', #229, 1000.000000000000000 ) ;
#619 = VERTEX_POINT ( 'NONE', #980 ) ;
#620 = EDGE_CURVE ( 'NONE', #2411, #1624, #1773, .T. ) ;
#621 = CARTESIAN_POINT ( 'NONE',  ( 0.3479999999999999800, -1.194000000000000000, 0.0000000000000000000 ) ) ;
#622 = CARTESIAN_POINT ( 'NONE',  ( -1.548999999999999900, -1.294999999999999900, 1.397000000000000000 ) ) ;
#623 = CARTESIAN_POINT ( 'NONE',  ( -1.448000000000000200, 0.09800000000000000400, 0.05099999999999999700 ) ) ;
#624 = DIRECTION ( 'NONE',  ( -0.0000000000000000000, 0.0000000000000000000, -1.000000000000000000 ) ) ;
#625 = DIRECTION ( 'NONE',  ( -1.000000000000000000, -0.0000000000000000000, -0.0000000000000000000 ) ) ;
#626 = VECTOR ( 'NONE', #1411, 1000.000000000000000 ) ;
#627 = EDGE_CURVE ( 'NONE', #1085, #2351, #2255, .T. ) ;
#628 = ORIENTED_EDGE ( 'NONE', *, *, #42, .F. ) ;
#629 = AXIS2_PLACEMENT_3D ( 'NONE', #678, #470, #1677 ) ;
#630 = DIRECTION ( 'NONE',  ( 0.0000000000000000000, -0.0000000000000000000, 1.000000000000000000 ) ) ;
#631 = CARTESIAN_POINT ( 'NONE',  ( 0.3479999999999999800, -0.6600000000000000300, 0.0000000000000000000 ) ) ;
#632 = DIRECTION ( 'NONE',  ( -1.000000000000000000, 0.0000000000000000000, 0.0000000000000000000 ) ) ;
#633 = DIRECTION ( 'NONE',  ( 0.0000000000000000000, 1.000000000000000000, -0.0000000000000000000 ) ) ;
#634 = VECTOR ( 'NONE', #1864, 1000.000000000000000 ) ;
#635 = UNCERTAINTY_MEASURE_WITH_UNIT (LENGTH_MEASURE( 1.000000000000000100E-005 ), #1154, 'distance_accuracy_value', 'NONE');
#636 = PLANE ( 'NONE',  #529 ) ;
#637 = VECTOR ( 'NONE', #2021, 1000.000000000000000 ) ;
#638 = ORIENTED_EDGE ( 'NONE', *, *, #1636, .F. ) ;
#639 = FILL_AREA_STYLE_COLOUR ( '', #2227 ) ;
#640 = EDGE_CURVE ( 'NONE', #1218, #1317, #641, .T. ) ;
#641 = LINE ( 'NONE', #2389, #1124 ) ;
#642 = EDGE_LOOP ( 'NONE', ( #2065, #334, #2001, #1187 ) ) ;
#643 = VECTOR ( 'NONE', #798, 1000.000000000000000 ) ;
#644 = MECHANICAL_DESIGN_GEOMETRIC_PRESENTATION_REPRESENTATION (  '', ( #250 ), #797 ) ;
#645 = ORIENTED_EDGE ( 'NONE', *, *, #627, .T. ) ;
#646 = VECTOR ( 'NONE', #814, 1000.000000000000000 ) ;
#647 = ORIENTED_EDGE ( 'NONE', *, *, #831, .T. ) ;
#648 = ORIENTED_EDGE ( 'NONE', *, *, #353, .F. ) ;
#649 = PLANE ( 'NONE',  #1348 ) ;
#650 = EDGE_LOOP ( 'NONE', ( #147, #764, #1125, #208 ) ) ;
#651 = DIRECTION ( 'NONE',  ( -1.000000000000000000, 0.0000000000000000000, -0.0000000000000000000 ) ) ;
#652 = AXIS2_PLACEMENT_3D ( 'NONE', #1293, #1501, #290 ) ;
#653 = DIRECTION ( 'NONE',  ( 0.0000000000000000000, -1.000000000000000000, 0.0000000000000000000 ) ) ;
#654 = CARTESIAN_POINT ( 'NONE',  ( 1.448000000000000200, -0.5979999999999999800, 0.05099999999999999700 ) ) ;
#655 = FACE_OUTER_BOUND ( 'NONE', #733, .T. ) ;
#656 = LINE ( 'NONE', #1079, #126 ) ;
#657 = ORIENTED_EDGE ( 'NONE', *, *, #1174, .T. ) ;
#658 =( NAMED_UNIT ( * ) PLANE_ANGLE_UNIT ( ) SI_UNIT ( $, .RADIAN. ) );
#659 = CARTESIAN_POINT ( 'NONE',  ( -0.9140000000000001500, -0.5979999999999999800, 0.05099999999999999700 ) ) ;
#660 = VECTOR ( 'NONE', #1758, 1000.000000000000000 ) ;
#661 = LINE ( 'NONE', #2026, #784 ) ;
#662 = EDGE_CURVE ( 'NONE', #419, #1865, #1647, .T. ) ;
#663 = DIRECTION ( 'NONE',  ( 1.000000000000000000, 0.0000000000000000000, 0.0000000000000000000 ) ) ;
#664 = CARTESIAN_POINT ( 'NONE',  ( 0.3479999999999999800, -0.6600000000000000300, 0.05099999999999999700 ) ) ;
#665 = PLANE ( 'NONE',  #2155 ) ;
#666 = CARTESIAN_POINT ( 'NONE',  ( 0.1520000000000000000, 1.194000000000000000, 0.0000000000000000000 ) ) ;
#667 = CARTESIAN_POINT ( 'NONE',  ( 0.9140000000000001500, 0.09800000000000000400, 0.0000000000000000000 ) ) ;
#668 = PLANE ( 'NONE',  #2182 ) ;
#669 = FACE_OUTER_BOUND ( 'NONE', #2485, .T. ) ;
#670 = VECTOR ( 'NONE', #2429, 1000.000000000000000 ) ;
#671 = ORIENTED_EDGE ( 'NONE', *, *, #1265, .F. ) ;
#672 = CARTESIAN_POINT ( 'NONE',  ( 0.9140000000000001500, 0.09800000000000000400, 0.0000000000000000000 ) ) ;
#673 = DIRECTION ( 'NONE',  ( -0.0000000000000000000, -0.0000000000000000000, -1.000000000000000000 ) ) ;
#674 = CARTESIAN_POINT ( 'NONE',  ( 0.1520000000000000000, 1.194000000000000000, 0.05099999999999999700 ) ) ;
#675 = ORIENTED_EDGE ( 'NONE', *, *, #1855, .T. ) ;
#676 = EDGE_CURVE ( 'NONE', #1832, #1513, #580, .T. ) ;
#677 = ORIENTED_EDGE ( 'NONE', *, *, #98, .F. ) ;
#678 = CARTESIAN_POINT ( 'NONE',  ( -0.6530000000000000200, 0.6600000000000000300, 0.05099999999999999700 ) ) ;
#679 = EDGE_LOOP ( 'NONE', ( #1877, #368, #86, #281 ) ) ;
#680 = PRESENTATION_LAYER_ASSIGNMENT (  '', '', ( #407 ) ) ;
#681 = LINE ( 'NONE', #254, #759 ) ;
#682 = FACE_OUTER_BOUND ( 'NONE', #829, .T. ) ;
#683 = DIRECTION ( 'NONE',  ( 0.0000000000000000000, 0.0000000000000000000, -1.000000000000000000 ) ) ;
#684 = CARTESIAN_POINT ( 'NONE',  ( 1.448000000000000200, -0.4020000000000000200, 0.0000000000000000000 ) ) ;
#685 = CARTESIAN_POINT ( 'NONE',  ( 0.6530000000000000200, -0.6600000000000000300, 0.0000000000000000000 ) ) ;
#686 = VECTOR ( 'NONE', #388, 1000.000000000000000 ) ;
#687 = CARTESIAN_POINT ( 'NONE',  ( -0.9140000000000001500, -0.4020000000000000200, 0.0000000000000000000 ) ) ;
#688 = VERTEX_POINT ( 'NONE', #2211 ) ;
#689 = CARTESIAN_POINT ( 'NONE',  ( -1.448000000000000200, 0.4020000000000000200, 0.0000000000000000000 ) ) ;
#690 = VERTEX_POINT ( 'NONE', #1848 ) ;
#691 = DIRECTION ( 'NONE',  ( 1.000000000000000000, 0.0000000000000000000, -0.0000000000000000000 ) ) ;
#692 = EDGE_CURVE ( 'NONE', #2135, #251, #2606, .T. ) ;
#693 = CARTESIAN_POINT ( 'NONE',  ( -0.9140000000000001500, 0.5979999999999999800, 0.0000000000000000000 ) ) ;
#694 = CARTESIAN_POINT ( 'NONE',  ( -1.448000000000000200, -0.5979999999999999800, 0.05099999999999999700 ) ) ;
#695 = DIRECTION ( 'NONE',  ( 0.0000000000000000000, 0.0000000000000000000, -1.000000000000000000 ) ) ;
#696 = ADVANCED_FACE ( 'NONE', ( #2130 ), #605, .T. ) ;
#697 = CARTESIAN_POINT ( 'NONE',  ( 1.448000000000000200, 0.4020000000000000200, 0.0000000000000000000 ) ) ;
#698 = DIRECTION ( 'NONE',  ( -0.0000000000000000000, 0.0000000000000000000, 1.000000000000000000 ) ) ;
#699 = LINE ( 'NONE', #2011, #602 ) ;
#700 = AXIS2_PLACEMENT_3D ( 'NONE', #1489, #2019, #1942 ) ;
#701 = CARTESIAN_POINT ( 'NONE',  ( 0.9140000000000001500, -0.4020000000000000200, 0.0000000000000000000 ) ) ;
#702 = CARTESIAN_POINT ( 'NONE',  ( -0.9140000000000001500, -0.9030000000000000200, 0.0000000000000000000 ) ) ;
#703 = CARTESIAN_POINT ( 'NONE',  ( -0.1520000000000000000, 1.194000000000000000, 0.0000000000000000000 ) ) ;
#704 = FACE_OUTER_BOUND ( 'NONE', #333, .T. ) ;
#705 = VECTOR ( 'NONE', #1229, 1000.000000000000000 ) ;
#706 = CARTESIAN_POINT ( 'NONE',  ( 0.9140000000000001500, -0.5979999999999999800, 0.05099999999999999700 ) ) ;
#707 = ORIENTED_EDGE ( 'NONE', *, *, #2455, .T. ) ;
#708 = PRESENTATION_STYLE_ASSIGNMENT (( #2422 ) ) ;
#709 = ADVANCED_FACE ( 'NONE', ( #1534 ), #1468, .T. ) ;
#710 = LINE ( 'NONE', #164, #1710 ) ;
#711 = ORIENTED_EDGE ( 'NONE', *, *, #1870, .F. ) ;
#712 = EDGE_CURVE ( 'NONE', #115, #2320, #518, .T. ) ;
#713 = FACE_OUTER_BOUND ( 'NONE', #2105, .T. ) ;
#714 = ORIENTED_EDGE ( 'NONE', *, *, #2455, .F. ) ;
#715 = DIRECTION ( 'NONE',  ( 1.000000000000000000, -0.0000000000000000000, 0.0000000000000000000 ) ) ;
#716 = ORIENTED_EDGE ( 'NONE', *, *, #1682, .T. ) ;
#717 = CARTESIAN_POINT ( 'NONE',  ( -0.9140000000000001500, 0.9030000000000000200, 0.0000000000000000000 ) ) ;
#718 = DIRECTION ( 'NONE',  ( -1.000000000000000000, 0.0000000000000000000, 0.0000000000000000000 ) ) ;
#719 = EDGE_CURVE ( 'NONE', #1624, #1763, #1054, .T. ) ;
#720 = LINE ( 'NONE', #2434, #1194 ) ;
#721 = VERTEX_POINT ( 'NONE', #233 ) ;
#722 = ORIENTED_EDGE ( 'NONE', *, *, #1044, .T. ) ;
#723 = DIRECTION ( 'NONE',  ( 0.0000000000000000000, 1.000000000000000000, 0.0000000000000000000 ) ) ;
#724 = LINE ( 'NONE', #734, #179 ) ;
#725 = LINE ( 'NONE', #69, #180 ) ;
#726 = ORIENTED_EDGE ( 'NONE', *, *, #1298, .F. ) ;
#727 = AXIS2_PLACEMENT_3D ( 'NONE', #1831, #1847, #1862 ) ;
#728 = CARTESIAN_POINT ( 'NONE',  ( 1.548999999999999900, -1.294999999999999900, 0.05099999999999999700 ) ) ;
#729 =( LENGTH_UNIT ( ) NAMED_UNIT ( * ) SI_UNIT ( .MILLI., .METRE. ) );
#730 = ADVANCED_FACE ( 'NONE', ( #2002 ), #1032, .T. ) ;
#731 = DIRECTION ( 'NONE',  ( 0.0000000000000000000, 0.0000000000000000000, 1.000000000000000000 ) ) ;
#732 = PLANE ( 'NONE',  #346 ) ;
#733 = EDGE_LOOP ( 'NONE', ( #1964, #1741, #220, #1645 ) ) ;
#734 = CARTESIAN_POINT ( 'NONE',  ( 0.1520000000000000000, 1.194000000000000000, 0.0000000000000000000 ) ) ;
#735 = ORIENTED_EDGE ( 'NONE', *, *, #1044, .F. ) ;
#736 = EDGE_CURVE ( 'NONE', #1865, #1088, #450, .T. ) ;
#737 = VERTEX_POINT ( 'NONE', #454 ) ;
#738 = PLANE ( 'NONE',  #81 ) ;
#739 = DIRECTION ( 'NONE',  ( -1.000000000000000000, 0.0000000000000000000, -0.0000000000000000000 ) ) ;
#740 = DIRECTION ( 'NONE',  ( -0.0000000000000000000, -1.000000000000000000, -0.0000000000000000000 ) ) ;
#741 = DIRECTION ( 'NONE',  ( -0.0000000000000000000, -0.0000000000000000000, -1.000000000000000000 ) ) ;
#742 = ADVANCED_FACE ( 'NONE', ( #2477 ), #668, .T. ) ;
#743 = LINE ( 'NONE', #458, #412 ) ;
#744 = ORIENTED_EDGE ( 'NONE', *, *, #2371, .F. ) ;
#745 = VECTOR ( 'NONE', #2183, 1000.000000000000000 ) ;
#746 = CARTESIAN_POINT ( 'NONE',  ( 0.1520000000000000000, -0.6600000000000000300, 0.0000000000000000000 ) ) ;
#747 = DIRECTION ( 'NONE',  ( 0.0000000000000000000, 0.0000000000000000000, 1.000000000000000000 ) ) ;
#748 = ORIENTED_EDGE ( 'NONE', *, *, #2179, .T. ) ;
#749 = LINE ( 'NONE', #2279, #479 ) ;
#750 = ORIENTED_EDGE ( 'NONE', *, *, #775, .F. ) ;
#751 =( NAMED_UNIT ( * ) SI_UNIT ( $, .STERADIAN. ) SOLID_ANGLE_UNIT ( ) );
#752 = CARTESIAN_POINT ( 'NONE',  ( -0.1520000000000000000, 0.6600000000000000300, 0.0000000000000000000 ) ) ;
#753 = ORIENTED_EDGE ( 'NONE', *, *, #1789, .T. ) ;
#754 = VERTEX_POINT ( 'NONE', #103 ) ;
#755 = ORIENTED_EDGE ( 'NONE', *, *, #353, .T. ) ;
#756 = EDGE_CURVE ( 'NONE', #941, #1913, #389, .T. ) ;
#757 = SURFACE_STYLE_USAGE ( .BOTH. , #1210 ) ;
#758 = CARTESIAN_POINT ( 'NONE',  ( 0.3479999999999999800, 1.194000000000000000, 0.0000000000000000000 ) ) ;
#759 = VECTOR ( 'NONE', #394, 1000.000000000000000 ) ;
#760 = ADVANCED_FACE ( 'NONE', ( #937 ), #1901, .T. ) ;
#761 = FACE_OUTER_BOUND ( 'NONE', #423, .T. ) ;
#762 = COLOUR_RGB ( '',0.7215686274509803800, 0.7215686274509803800, 0.7215686274509803800 ) ;
#763 = VECTOR ( 'NONE', #633, 1000.000000000000000 ) ;
#764 = ORIENTED_EDGE ( 'NONE', *, *, #2251, .F. ) ;
#765 = EDGE_LOOP ( 'NONE', ( #2607, #582, #153, #2292 ) ) ;
#766 = CARTESIAN_POINT ( 'NONE',  ( 0.9140000000000001500, -0.9030000000000000200, 0.0000000000000000000 ) ) ;
#767 = STYLED_ITEM ( 'NONE', ( #1063 ), #2097 ) ;
#768 = CARTESIAN_POINT ( 'NONE',  ( 1.448000000000000200, 0.09800000000000000400, 0.0000000000000000000 ) ) ;
#769 = CARTESIAN_POINT ( 'NONE',  ( 1.448000000000000200, 0.4020000000000000200, 0.05099999999999999700 ) ) ;
#770 = DIRECTION ( 'NONE',  ( 0.0000000000000000000, -0.0000000000000000000, 1.000000000000000000 ) ) ;
#771 = UNCERTAINTY_MEASURE_WITH_UNIT (LENGTH_MEASURE( 1.000000000000000100E-005 ), #88, 'distance_accuracy_value', 'NONE');
#772 = CARTESIAN_POINT ( 'NONE',  ( -1.448000000000000200, -0.5979999999999999800, 0.0000000000000000000 ) ) ;
#773 = ADVANCED_FACE ( 'NONE', ( #876 ), #1294, .T. ) ;
#774 = EDGE_CURVE ( 'NONE', #1774, #158, #2410, .T. ) ;
#775 = EDGE_CURVE ( 'NONE', #1061, #451, #328, .T. ) ;
#776 = CARTESIAN_POINT ( 'NONE',  ( 1.448000000000000200, -0.4020000000000000200, 0.0000000000000000000 ) ) ;
#777 = PLANE ( 'NONE',  #1424 ) ;
#778 = FACE_OUTER_BOUND ( 'NONE', #1520, .T. ) ;
#779 = LINE ( 'NONE', #442, #415 ) ;
#780 = VECTOR ( 'NONE', #6, 1000.000000000000000 ) ;
#781 = ORIENTED_EDGE ( 'NONE', *, *, #2305, .F. ) ;
#782 = FACE_OUTER_BOUND ( 'NONE', #466, .T. ) ;
#783 = CARTESIAN_POINT ( 'NONE',  ( 1.448000000000000200, -0.4020000000000000200, 0.0000000000000000000 ) ) ;
#784 = VECTOR ( 'NONE', #1788, 1000.000000000000000 ) ;
#785 = FACE_OUTER_BOUND ( 'NONE', #2172, .T. ) ;
#786 = ORIENTED_EDGE ( 'NONE', *, *, #422, .F. ) ;
#787 = ADVANCED_FACE ( 'NONE', ( #812 ), #894, .T. ) ;
#788 = ORIENTED_EDGE ( 'NONE', *, *, #1011, .F. ) ;
#789 = EDGE_LOOP ( 'NONE', ( #1103, #792, #1938, #1897 ) ) ;
#790 = DIRECTION ( 'NONE',  ( 1.000000000000000000, 0.0000000000000000000, -0.0000000000000000000 ) ) ;
#791 = FACE_OUTER_BOUND ( 'NONE', #581, .T. ) ;
#792 = ORIENTED_EDGE ( 'NONE', *, *, #2212, .F. ) ;
#793 = VERTEX_POINT ( 'NONE', #2293 ) ;
#794 = EDGE_CURVE ( 'NONE', #813, #688, #1868, .T. ) ;
#795 = DIRECTION ( 'NONE',  ( 0.0000000000000000000, -0.0000000000000000000, 1.000000000000000000 ) ) ;
#796 = ORIENTED_EDGE ( 'NONE', *, *, #61, .T. ) ;
#797 =( GEOMETRIC_REPRESENTATION_CONTEXT ( 3 ) GLOBAL_UNCERTAINTY_ASSIGNED_CONTEXT ( ( #2436 ) ) GLOBAL_UNIT_ASSIGNED_CONTEXT ( ( #1272, #2487, #1074 ) ) REPRESENTATION_CONTEXT ( 'NONE', 'WORKASPACE' ) );
#798 = DIRECTION ( 'NONE',  ( -0.0000000000000000000, -0.0000000000000000000, -1.000000000000000000 ) ) ;
#799 = CARTESIAN_POINT ( 'NONE',  ( 0.9140000000000001500, 0.5979999999999999800, 0.05099999999999999700 ) ) ;
#800 = AXIS2_PLACEMENT_3D ( 'NONE', #1525, #309, #1709 ) ;
#801 = DIRECTION ( 'NONE',  ( 1.000000000000000000, 0.0000000000000000000, -0.0000000000000000000 ) ) ;
#802 = APPLICATION_PROTOCOL_DEFINITION ( 'draft international standard', 'automotive_design', 1998, #1997 ) ;
#803 =( NAMED_UNIT ( * ) PLANE_ANGLE_UNIT ( ) SI_UNIT ( $, .RADIAN. ) );
#804 = CARTESIAN_POINT ( 'NONE',  ( -0.9140000000000001500, 0.09800000000000000400, 0.05099999999999999700 ) ) ;
#805 = EDGE_CURVE ( 'NONE', #967, #856, #2349, .T. ) ;
#806 = AXIS2_PLACEMENT_3D ( 'NONE', #1253, #45, #2219 ) ;
#807 = FILL_AREA_STYLE ('',( #1815 ) ) ;
#808 = LINE ( 'NONE', #1993, #999 ) ;
#809 = PRESENTATION_STYLE_ASSIGNMENT (( #1925 ) ) ;
#810 = AXIS2_PLACEMENT_3D ( 'NONE', #2206, #235, #32 ) ;
#811 = DIRECTION ( 'NONE',  ( 1.000000000000000000, 0.0000000000000000000, -0.0000000000000000000 ) ) ;
#812 = FACE_OUTER_BOUND ( 'NONE', #1195, .T. ) ;
#813 = VERTEX_POINT ( 'NONE', #1883 ) ;
#814 = DIRECTION ( 'NONE',  ( -1.000000000000000000, 0.0000000000000000000, -0.0000000000000000000 ) ) ;
#815 = MANIFOLD_SOLID_BREP ( 'Imported12', #820 ) ;
#816 = ORIENTED_EDGE ( 'NONE', *, *, #1494, .F. ) ;
#817 = ORIENTED_EDGE ( 'NONE', *, *, #1235, .F. ) ;
#818 = DIRECTION ( 'NONE',  ( 0.0000000000000000000, 1.000000000000000000, 0.0000000000000000000 ) ) ;
#819 = CARTESIAN_POINT ( 'NONE',  ( 1.448000000000000200, -0.5979999999999999800, 0.0000000000000000000 ) ) ;
#820 = CLOSED_SHELL ( 'NONE', ( #952, #106, #2534, #339, #1923, #509 ) ) ;
#821 = ORIENTED_EDGE ( 'NONE', *, *, #93, .T. ) ;
#822 = FACE_OUTER_BOUND ( 'NONE', #271, .T. ) ;
#823 = VECTOR ( 'NONE', #141, 1000.000000000000000 ) ;
#824 = DIRECTION ( 'NONE',  ( 0.0000000000000000000, 1.000000000000000000, -0.0000000000000000000 ) ) ;
#825 = CARTESIAN_POINT ( 'NONE',  ( 0.6530000000000000200, -1.194000000000000000, 0.0000000000000000000 ) ) ;
#826 = DIRECTION ( 'NONE',  ( 1.000000000000000000, 0.0000000000000000000, -0.0000000000000000000 ) ) ;
#827 = LINE ( 'NONE', #1371, #1884 ) ;
#828 = LINE ( 'NONE', #2029, #1817 ) ;
#829 = EDGE_LOOP ( 'NONE', ( #240, #2447, #1544, #2102 ) ) ;
#830 = LINE ( 'NONE', #1432, #1205 ) ;
#831 = EDGE_CURVE ( 'NONE', #2334, #1317, #267, .T. ) ;
#832 = CARTESIAN_POINT ( 'NONE',  ( -1.448000000000000200, 0.4020000000000000200, 0.05099999999999999700 ) ) ;
#833 = MECHANICAL_DESIGN_GEOMETRIC_PRESENTATION_REPRESENTATION (  '', ( #407 ), #958 ) ;
#834 = DIRECTION ( 'NONE',  ( 0.0000000000000000000, -0.0000000000000000000, 1.000000000000000000 ) ) ;
#835 = DIRECTION ( 'NONE',  ( 0.0000000000000000000, -0.0000000000000000000, 1.000000000000000000 ) ) ;
#836 = PLANE ( 'NONE',  #1704 ) ;
#837 = DIRECTION ( 'NONE',  ( 0.0000000000000000000, 1.000000000000000000, -0.0000000000000000000 ) ) ;
#838 = DIRECTION ( 'NONE',  ( -1.000000000000000000, -0.0000000000000000000, -0.0000000000000000000 ) ) ;
#839 = LINE ( 'NONE', #1460, #1987 ) ;
#840 = CARTESIAN_POINT ( 'NONE',  ( 0.9140000000000001500, -0.09800000000000000400, 0.05099999999999999700 ) ) ;
#841 = FILL_AREA_STYLE_COLOUR ( '', #27 ) ;
#842 = DIRECTION ( 'NONE',  ( 1.000000000000000000, 0.0000000000000000000, -0.0000000000000000000 ) ) ;
#843 = EDGE_CURVE ( 'NONE', #1778, #941, #203, .T. ) ;
#844 = LINE ( 'NONE', #613, #1239 ) ;
#845 = EDGE_LOOP ( 'NONE', ( #2314, #722, #1438, #2478 ) ) ;
#846 = AXIS2_PLACEMENT_3D ( 'NONE', #420, #2005, #2260 ) ;
#847 = LINE ( 'NONE', #195, #1771 ) ;
#848 = LINE ( 'NONE', #1188, #1907 ) ;
#849 = ORIENTED_EDGE ( 'NONE', *, *, #165, .T. ) ;
#850 = CLOSED_SHELL ( 'NONE', ( #1329, #1372, #1550, #313, #787, #300 ) ) ;
#851 = UNCERTAINTY_MEASURE_WITH_UNIT (LENGTH_MEASURE( 1.000000000000000100E-005 ), #1422, 'distance_accuracy_value', 'NONE');
#852 = DIRECTION ( 'NONE',  ( 1.000000000000000000, 0.0000000000000000000, -0.0000000000000000000 ) ) ;
#853 = PRESENTATION_LAYER_ASSIGNMENT (  '', '', ( #570 ) ) ;
#854 = DIRECTION ( 'NONE',  ( 0.0000000000000000000, -0.0000000000000000000, 1.000000000000000000 ) ) ;
#855 = CARTESIAN_POINT ( 'NONE',  ( -0.3479999999999999800, 1.194000000000000000, 0.0000000000000000000 ) ) ;
#856 = VERTEX_POINT ( 'NONE', #70 ) ;
#857 = EDGE_LOOP ( 'NONE', ( #1570, #1275, #210, #1661 ) ) ;
#858 = CARTESIAN_POINT ( 'NONE',  ( 0.9140000000000001500, -0.5979999999999999800, 0.0000000000000000000 ) ) ;
#859 = EDGE_LOOP ( 'NONE', ( #2545, #1414, #2024, #877 ) ) ;
#860 = ORIENTED_EDGE ( 'NONE', *, *, #2590, .T. ) ;
#861 = VERTEX_POINT ( 'NONE', #666 ) ;
#862 = EDGE_CURVE ( 'NONE', #737, #361, #1563, .T. ) ;
#863 = CARTESIAN_POINT ( 'NONE',  ( -0.3479999999999999800, -0.6600000000000000300, 0.0000000000000000000 ) ) ;
#864 = CARTESIAN_POINT ( 'NONE',  ( 1.448000000000000200, 0.5979999999999999800, 0.0000000000000000000 ) ) ;
#865 = CARTESIAN_POINT ( 'NONE',  ( -1.240000000000000000, 0.7500000000000000000, 1.397000000000000000 ) ) ;
#866 = CARTESIAN_POINT ( 'NONE',  ( 0.9140000000000001500, -0.4020000000000000200, 0.0000000000000000000 ) ) ;
#867 = EDGE_CURVE ( 'NONE', #365, #1921, #749, .T. ) ;
#868 = STYLED_ITEM ( 'NONE', ( #2324 ), #1626 ) ;
#869 = CARTESIAN_POINT ( 'NONE',  ( 1.448000000000000200, -0.9030000000000000200, 0.0000000000000000000 ) ) ;
#870 = VECTOR ( 'NONE', #1482, 1000.000000000000000 ) ;
#871 = CARTESIAN_POINT ( 'NONE',  ( -1.240000000000000000, 0.7500000000000000000, 1.397000000000000000 ) ) ;
#872 = EDGE_LOOP ( 'NONE', ( #2265, #392, #2121, #1933 ) ) ;
#873 = VECTOR ( 'NONE', #2328, 1000.000000000000000 ) ;
#874 = EDGE_CURVE ( 'NONE', #1218, #2070, #1030, .T. ) ;
#875 = CARTESIAN_POINT ( 'NONE',  ( 0.9140000000000001500, -0.4020000000000000200, 0.05099999999999999700 ) ) ;
#876 = FACE_OUTER_BOUND ( 'NONE', #905, .T. ) ;
#877 = ORIENTED_EDGE ( 'NONE', *, *, #2316, .T. ) ;
#878 = VERTEX_POINT ( 'NONE', #1663 ) ;
#879 = ORIENTED_EDGE ( 'NONE', *, *, #227, .T. ) ;
#880 = EDGE_LOOP ( 'NONE', ( #1648, #146, #1358, #1387 ) ) ;
#881 = ORIENTED_EDGE ( 'NONE', *, *, #662, .F. ) ;
#882 = AXIS2_PLACEMENT_3D ( 'NONE', #551, #770, #2170 ) ;
#883 = DIRECTION ( 'NONE',  ( 0.0000000000000000000, -0.0000000000000000000, 1.000000000000000000 ) ) ;
#884 = VECTOR ( 'NONE', #2085, 1000.000000000000000 ) ;
#885 = LINE ( 'NONE', #769, #823 ) ;
#886 = VECTOR ( 'NONE', #541, 1000.000000000000000 ) ;
#887 = VECTOR ( 'NONE', #221, 1000.000000000000000 ) ;
#888 = EDGE_CURVE ( 'NONE', #2115, #1379, #2567, .T. ) ;
#889 = CARTESIAN_POINT ( 'NONE',  ( -0.1520000000000000000, -0.6600000000000000300, 0.0000000000000000000 ) ) ;
#890 = CARTESIAN_POINT ( 'NONE',  ( 0.3479999999999999800, 1.194000000000000000, 0.0000000000000000000 ) ) ;
#891 = DIRECTION ( 'NONE',  ( 0.0000000000000000000, 0.0000000000000000000, 1.000000000000000000 ) ) ;
#892 = AXIS2_PLACEMENT_3D ( 'NONE', #1330, #723, #2344 ) ;
#893 = AXIS2_PLACEMENT_3D ( 'NONE', #413, #314, #2122 ) ;
#894 = PLANE ( 'NONE',  #379 ) ;
#895 = CARTESIAN_POINT ( 'NONE',  ( -0.9140000000000001500, -0.09800000000000000400, 0.05099999999999999700 ) ) ;
#896 = CARTESIAN_POINT ( 'NONE',  ( -0.6530000000000000200, 1.194000000000000000, 0.0000000000000000000 ) ) ;
#897 = CARTESIAN_POINT ( 'NONE',  ( 0.9140000000000001500, 0.5979999999999999800, 0.05099999999999999700 ) ) ;
#898 = LINE ( 'NONE', #2494, #634 ) ;
#899 = CARTESIAN_POINT ( 'NONE',  ( 0.1520000000000000000, 0.6600000000000000300, 0.05099999999999999700 ) ) ;
#900 = ADVANCED_FACE ( 'NONE', ( #2504 ), #2479, .T. ) ;
#901 = CARTESIAN_POINT ( 'NONE',  ( -1.548999999999999900, 1.294999999999999900, 1.397000000000000000 ) ) ;
#902 = EDGE_CURVE ( 'NONE', #430, #1967, #1963, .T. ) ;
#903 = VECTOR ( 'NONE', #50, 1000.000000000000000 ) ;
#904 = VECTOR ( 'NONE', #1852, 1000.000000000000000 ) ;
#905 = EDGE_LOOP ( 'NONE', ( #1060, #369, #1564, #173 ) ) ;
#906 = VECTOR ( 'NONE', #1542, 1000.000000000000000 ) ;
#907 = DIRECTION ( 'NONE',  ( 0.0000000000000000000, -0.0000000000000000000, 1.000000000000000000 ) ) ;
#908 = ORIENTED_EDGE ( 'NONE', *, *, #2302, .T. ) ;
#909 = EDGE_CURVE ( 'NONE', #1512, #144, #417, .T. ) ;
#910 = ORIENTED_EDGE ( 'NONE', *, *, #2114, .F. ) ;
#911 = VECTOR ( 'NONE', #2203, 1000.000000000000000 ) ;
#912 = PLANE ( 'NONE',  #2175 ) ;
#913 = VERTEX_POINT ( 'NONE', #1252 ) ;
#914 = ORIENTED_EDGE ( 'NONE', *, *, #224, .T. ) ;
#915 = AXIS2_PLACEMENT_3D ( 'NONE', #278, #2495, #216 ) ;
#916 = EDGE_LOOP ( 'NONE', ( #1717, #966, #2287, #735 ) ) ;
#917 = DIRECTION ( 'NONE',  ( -0.0000000000000000000, 0.0000000000000000000, 1.000000000000000000 ) ) ;
#918 = VECTOR ( 'NONE', #1917, 1000.000000000000000 ) ;
#919 = ADVANCED_FACE ( 'NONE', ( #355 ), #1373, .T. ) ;
#920 = LINE ( 'NONE', #701, #1198 ) ;
#921 = FILL_AREA_STYLE ('',( #1018 ) ) ;
#922 = CARTESIAN_POINT ( 'NONE',  ( -1.448000000000000200, -0.09800000000000000400, 0.05099999999999999700 ) ) ;
#923 = PRODUCT ( 'ASM330LHHXG1TR', 'ASM330LHHXG1TR', '', ( #584 ) ) ;
#924 = EDGE_CURVE ( 'NONE', #1874, #2131, #1497, .T. ) ;
#925 = DIRECTION ( 'NONE',  ( 0.0000000000000000000, 0.0000000000000000000, -1.000000000000000000 ) ) ;
#926 = CARTESIAN_POINT ( 'NONE',  ( -1.175230000000000000, 0.7500000000000000000, 1.397000000000000000 ) ) ;
#927 = AXIS2_PLACEMENT_3D ( 'NONE', #871, #2071, #663 ) ;
#928 = ADVANCED_FACE ( 'NONE', ( #1434 ), #1641, .T. ) ;
#929 = VECTOR ( 'NONE', #811, 1000.000000000000000 ) ;
#930 = AXIS2_PLACEMENT_3D ( 'NONE', #1900, #1299, #102 ) ;
#931 =( NAMED_UNIT ( * ) SI_UNIT ( $, .STERADIAN. ) SOLID_ANGLE_UNIT ( ) );
#932 = DIRECTION ( 'NONE',  ( -1.000000000000000000, 0.0000000000000000000, -0.0000000000000000000 ) ) ;
#933 = FILL_AREA_STYLE ('',( #841 ) ) ;
#934 =( NAMED_UNIT ( * ) SI_UNIT ( $, .STERADIAN. ) SOLID_ANGLE_UNIT ( ) );
#935 = COLOUR_RGB ( '',0.7215686274509803800, 0.7215686274509803800, 0.7215686274509803800 ) ;
#936 = CLOSED_SHELL ( 'NONE', ( #119, #1392, #498, #1320, #1696, #286 ) ) ;
#937 = FACE_OUTER_BOUND ( 'NONE', #2162, .T. ) ;
#938 = EDGE_LOOP ( 'NONE', ( #2482, #310, #1227, #92 ) ) ;
#939 = EDGE_CURVE ( 'NONE', #2353, #1874, #2383, .T. ) ;
#940 = ORIENTED_EDGE ( 'NONE', *, *, #2609, .T. ) ;
#941 = VERTEX_POINT ( 'NONE', #2452 ) ;
#942 = ADVANCED_FACE ( 'NONE', ( #1305 ), #2047, .T. ) ;
#943 = ORIENTED_EDGE ( 'NONE', *, *, #156, .T. ) ;
#944 = EDGE_LOOP ( 'NONE', ( #1842, #23, #1481, #148 ) ) ;
#945 = DIRECTION ( 'NONE',  ( -1.000000000000000000, 0.0000000000000000000, -0.0000000000000000000 ) ) ;
#946 = CARTESIAN_POINT ( 'NONE',  ( -0.1520000000000000000, -0.6600000000000000300, 0.0000000000000000000 ) ) ;
#947 = LINE ( 'NONE', #1633, #763 ) ;
#948 = SURFACE_STYLE_FILL_AREA ( #1675 ) ;
#949 = DIRECTION ( 'NONE',  ( -1.000000000000000000, 0.0000000000000000000, -0.0000000000000000000 ) ) ;
#950 = DIRECTION ( 'NONE',  ( 0.0000000000000000000, -1.000000000000000000, 0.0000000000000000000 ) ) ;
#951 = CARTESIAN_POINT ( 'NONE',  ( 0.1520000000000000000, -0.6600000000000000300, 0.0000000000000000000 ) ) ;
#952 = ADVANCED_FACE ( 'NONE', ( #1830 ), #230, .T. ) ;
#953 = CLOSED_SHELL ( 'NONE', ( #2113, #1163, #1587, #1510, #1977, #565 ) ) ;
#954 = PLANE ( 'NONE',  #533 ) ;
#955 = EDGE_CURVE ( 'NONE', #327, #2576, #236, .T. ) ;
#956 =( NAMED_UNIT ( * ) PLANE_ANGLE_UNIT ( ) SI_UNIT ( $, .RADIAN. ) );
#957 = SURFACE_SIDE_STYLE ('',( #1561 ) ) ;
#958 =( GEOMETRIC_REPRESENTATION_CONTEXT ( 3 ) GLOBAL_UNCERTAINTY_ASSIGNED_CONTEXT ( ( #1304 ) ) GLOBAL_UNIT_ASSIGNED_CONTEXT ( ( #1140, #2341, #934 ) ) REPRESENTATION_CONTEXT ( 'NONE', 'WORKASPACE' ) );
#959 = PRESENTATION_STYLE_ASSIGNMENT (( #2366 ) ) ;
#960 = ADVANCED_FACE ( 'NONE', ( #1769 ), #2238, .T. ) ;
#961 = VECTOR ( 'NONE', #2470, 1000.000000000000000 ) ;
#962 = ORIENTED_EDGE ( 'NONE', *, *, #75, .T. ) ;
#963 = LINE ( 'NONE', #1736, #2443 ) ;
#964 = CARTESIAN_POINT ( 'NONE',  ( -0.3479999999999999800, 0.6600000000000000300, 0.05099999999999999700 ) ) ;
#965 = EDGE_LOOP ( 'NONE', ( #1678, #1602, #860, #546 ) ) ;
#966 = ORIENTED_EDGE ( 'NONE', *, *, #1376, .F. ) ;
#967 = VERTEX_POINT ( 'NONE', #1431 ) ;
#968 = EDGE_CURVE ( 'NONE', #975, #2334, #2313, .T. ) ;
#969 = ORIENTED_EDGE ( 'NONE', *, *, #224, .F. ) ;
#970 = CARTESIAN_POINT ( 'NONE',  ( -1.448000000000000200, -0.4020000000000000200, 0.0000000000000000000 ) ) ;
#971 = DIRECTION ( 'NONE',  ( -0.0000000000000000000, -0.0000000000000000000, -1.000000000000000000 ) ) ;
#972 = CARTESIAN_POINT ( 'NONE',  ( 1.448000000000000200, 0.4020000000000000200, 0.05099999999999999700 ) ) ;
#973 = SURFACE_STYLE_FILL_AREA ( #1295 ) ;
#974 = ORIENTED_EDGE ( 'NONE', *, *, #1621, .T. ) ;
#975 = VERTEX_POINT ( 'NONE', #1027 ) ;
#976 = FACE_OUTER_BOUND ( 'NONE', #2006, .T. ) ;
#977 = LINE ( 'NONE', #2046, #499 ) ;
#978 = ORIENTED_EDGE ( 'NONE', *, *, #1461, .T. ) ;
#979 = DIRECTION ( 'NONE',  ( 0.0000000000000000000, 0.0000000000000000000, 1.000000000000000000 ) ) ;
#980 = CARTESIAN_POINT ( 'NONE',  ( -1.448000000000000200, 0.9030000000000000200, 0.0000000000000000000 ) ) ;
#981 = ADVANCED_FACE ( 'NONE', ( #166 ), #2433, .T. ) ;
#982 = MECHANICAL_DESIGN_GEOMETRIC_PRESENTATION_REPRESENTATION (  '', ( #570 ), #1113 ) ;
#983 = VECTOR ( 'NONE', #1503, 1000.000000000000000 ) ;
#984 = CARTESIAN_POINT ( 'NONE',  ( -0.9140000000000001500, 0.4020000000000000200, 0.05099999999999999700 ) ) ;
#985 = CIRCLE ( 'NONE', #1025, 0.06477000000000002200 ) ;
#986 = DIRECTION ( 'NONE',  ( 0.0000000000000000000, 0.0000000000000000000, 1.000000000000000000 ) ) ;
#987 = DIRECTION ( 'NONE',  ( -0.0000000000000000000, -1.000000000000000000, -0.0000000000000000000 ) ) ;
#988 = ORIENTED_EDGE ( 'NONE', *, *, #29, .T. ) ;
#989 = DIRECTION ( 'NONE',  ( 0.0000000000000000000, 0.0000000000000000000, -1.000000000000000000 ) ) ;
#990 = EDGE_CURVE ( 'NONE', #2441, #304, #844, .T. ) ;
#991 = EDGE_CURVE ( 'NONE', #1010, #1844, #2252, .T. ) ;
#992 = FILL_AREA_STYLE ('',( #1391 ) ) ;
#993 = VECTOR ( 'NONE', #73, 1000.000000000000000 ) ;
#994 = DIRECTION ( 'NONE',  ( 0.0000000000000000000, -0.0000000000000000000, -1.000000000000000000 ) ) ;
#995 = LINE ( 'NONE', #2281, #993 ) ;
#996 = AXIS2_PLACEMENT_3D ( 'NONE', #2084, #2220, #2247 ) ;
#997 = CARTESIAN_POINT ( 'NONE',  ( 1.448000000000000200, -0.09800000000000000400, 0.0000000000000000000 ) ) ;
#998 = ORIENTED_EDGE ( 'NONE', *, *, #1395, .T. ) ;
#999 = VECTOR ( 'NONE', #2603, 1000.000000000000000 ) ;
#1000 = VECTOR ( 'NONE', #917, 1000.000000000000000 ) ;
#1001 = PLANE ( 'NONE',  #2342 ) ;
#1002 = VECTOR ( 'NONE', #673, 1000.000000000000000 ) ;
#1003 = VERTEX_POINT ( 'NONE', #1427 ) ;
#1004 = ORIENTED_EDGE ( 'NONE', *, *, #1039, .T. ) ;
#1005 = SURFACE_STYLE_USAGE ( .BOTH. , #2404 ) ;
#1006 = DIRECTION ( 'NONE',  ( 1.000000000000000000, 0.0000000000000000000, -0.0000000000000000000 ) ) ;
#1007 = DIRECTION ( 'NONE',  ( 1.000000000000000000, 0.0000000000000000000, -0.0000000000000000000 ) ) ;
#1008 = DIRECTION ( 'NONE',  ( -0.0000000000000000000, -1.000000000000000000, -0.0000000000000000000 ) ) ;
#1009 = ORIENTED_EDGE ( 'NONE', *, *, #1362, .T. ) ;
#1010 = VERTEX_POINT ( 'NONE', #1819 ) ;
#1011 = EDGE_CURVE ( 'NONE', #878, #1779, #111, .T. ) ;
#1012 = ORIENTED_EDGE ( 'NONE', *, *, #288, .T. ) ;
#1013 = CARTESIAN_POINT ( 'NONE',  ( 0.9140000000000001500, 0.9030000000000000200, 0.05099999999999999700 ) ) ;
#1014 = FACE_OUTER_BOUND ( 'NONE', #1562, .T. ) ;
#1015 = AXIS2_PLACEMENT_3D ( 'NONE', #1200, #2402, #994 ) ;
#1016 = CARTESIAN_POINT ( 'NONE',  ( -0.3479999999999999800, -1.194000000000000000, 0.0000000000000000000 ) ) ;
#1017 = DIRECTION ( 'NONE',  ( 0.0000000000000000000, 1.000000000000000000, -0.0000000000000000000 ) ) ;
#1018 = FILL_AREA_STYLE_COLOUR ( '', #357 ) ;
#1019 = CARTESIAN_POINT ( 'NONE',  ( -1.448000000000000200, 0.4020000000000000200, 0.0000000000000000000 ) ) ;
#1020 = CARTESIAN_POINT ( 'NONE',  ( 0.6530000000000000200, 1.194000000000000000, 0.0000000000000000000 ) ) ;
#1021 = EDGE_CURVE ( 'NONE', #1088, #554, #1706, .T. ) ;
#1022 = COLOUR_RGB ( '',0.7215686274509803800, 0.7215686274509803800, 0.7215686274509803800 ) ;
#1023 = CARTESIAN_POINT ( 'NONE',  ( 0.9140000000000001500, 0.4020000000000000200, 0.05099999999999999700 ) ) ;
#1024 = LINE ( 'NONE', #1808, #1556 ) ;
#1025 = AXIS2_PLACEMENT_3D ( 'NONE', #1402, #1423, #2405 ) ;
#1026 = FACE_OUTER_BOUND ( 'NONE', #1880, .T. ) ;
#1027 = CARTESIAN_POINT ( 'NONE',  ( 1.448000000000000200, -0.9030000000000000200, 0.0000000000000000000 ) ) ;
#1028 = VECTOR ( 'NONE', #2055, 1000.000000000000000 ) ;
#1029 = PRESENTATION_LAYER_ASSIGNMENT (  '', '', ( #767 ) ) ;
#1030 = LINE ( 'NONE', #452, #2030 ) ;
#1031 = VERTEX_POINT ( 'NONE', #1807 ) ;
#1032 = PLANE ( 'NONE',  #1918 ) ;
#1033 = LINE ( 'NONE', #752, #421 ) ;
#1034 = VERTEX_POINT ( 'NONE', #1614 ) ;
#1035 = EDGE_LOOP ( 'NONE', ( #707, #2326, #2446, #671 ) ) ;
#1036 = ORIENTED_EDGE ( 'NONE', *, *, #227, .F. ) ;
#1037 = FACE_OUTER_BOUND ( 'NONE', #364, .T. ) ;
#1038 = ORIENTED_EDGE ( 'NONE', *, *, #2168, .T. ) ;
#1039 = EDGE_CURVE ( 'NONE', #304, #58, #1646, .T. ) ;
#1040 = PLANE ( 'NONE',  #1989 ) ;
#1041 = LINE ( 'NONE', #2153, #2581 ) ;
#1042 = LINE ( 'NONE', #1106, #2173 ) ;
#1043 = EDGE_LOOP ( 'NONE', ( #714, #2513, #1662, #786 ) ) ;
#1044 = EDGE_CURVE ( 'NONE', #2218, #690, #1119, .T. ) ;
#1045 = CARTESIAN_POINT ( 'NONE',  ( -0.6530000000000000200, -0.6600000000000000300, 0.0000000000000000000 ) ) ;
#1046 = CARTESIAN_POINT ( 'NONE',  ( 0.9140000000000001500, 0.4020000000000000200, 0.05099999999999999700 ) ) ;
#1047 = DIRECTION ( 'NONE',  ( 0.0000000000000000000, 0.0000000000000000000, 1.000000000000000000 ) ) ;
#1048 = CARTESIAN_POINT ( 'NONE',  ( -1.240000000000000000, 0.7500000000000000000, 1.397000000000000000 ) ) ;
#1049 = DIRECTION ( 'NONE',  ( 0.0000000000000000000, -1.000000000000000000, 0.0000000000000000000 ) ) ;
#1050 = EDGE_CURVE ( 'NONE', #690, #1512, #578, .T. ) ;
#1051 = DIRECTION ( 'NONE',  ( 1.000000000000000000, 0.0000000000000000000, -0.0000000000000000000 ) ) ;
#1052 = VECTOR ( 'NONE', #2209, 1000.000000000000000 ) ;
#1053 = LINE ( 'NONE', #684, #1242 ) ;
#1054 = LINE ( 'NONE', #16, #2538 ) ;
#1055 = VERTEX_POINT ( 'NONE', #1016 ) ;
#1056 = STYLED_ITEM ( 'NONE', ( #809 ), #2491 ) ;
#1057 = CLOSED_SHELL ( 'NONE', ( #2348, #1914, #1300, #1122, #544, #960 ) ) ;
#1058 = ORIENTED_EDGE ( 'NONE', *, *, #206, .F. ) ;
#1059 = SURFACE_SIDE_STYLE ('',( #322 ) ) ;
#1060 = ORIENTED_EDGE ( 'NONE', *, *, #2435, .T. ) ;
#1061 = VERTEX_POINT ( 'NONE', #597 ) ;
#1062 = SURFACE_STYLE_FILL_AREA ( #1895 ) ;
#1063 = PRESENTATION_STYLE_ASSIGNMENT (( #1271 ) ) ;
#1064 = VERTEX_POINT ( 'NONE', #393 ) ;
#1065 = EDGE_CURVE ( 'NONE', #2484, #856, #2059, .T. ) ;
#1066 =( LENGTH_UNIT ( ) NAMED_UNIT ( * ) SI_UNIT ( .MILLI., .METRE. ) );
#1067 = LINE ( 'NONE', #53, #4 ) ;
#1068 = CARTESIAN_POINT ( 'NONE',  ( 1.448000000000000200, -0.4020000000000000200, 0.05099999999999999700 ) ) ;
#1069 = DIRECTION ( 'NONE',  ( 1.000000000000000000, -0.0000000000000000000, 0.0000000000000000000 ) ) ;
#1070 = AXIS2_PLACEMENT_3D ( 'NONE', #1020, #1421, #202 ) ;
#1071 = ORIENTED_EDGE ( 'NONE', *, *, #712, .T. ) ;
#1072 = AXIS2_PLACEMENT_3D ( 'NONE', #693, #852, #1500 ) ;
#1073 = DIRECTION ( 'NONE',  ( -1.000000000000000000, 0.0000000000000000000, -0.0000000000000000000 ) ) ;
#1074 =( NAMED_UNIT ( * ) SI_UNIT ( $, .STERADIAN. ) SOLID_ANGLE_UNIT ( ) );
#1075 = CARTESIAN_POINT ( 'NONE',  ( -0.6530000000000000200, 1.194000000000000000, 0.0000000000000000000 ) ) ;
#1076 = DIRECTION ( 'NONE',  ( -0.0000000000000000000, -1.000000000000000000, -0.0000000000000000000 ) ) ;
#1077 = CARTESIAN_POINT ( 'NONE',  ( 0.9140000000000001500, -0.5979999999999999800, 0.0000000000000000000 ) ) ;
#1078 = MANIFOLD_SOLID_BREP ( 'Imported14', #2234 ) ;
#1079 = CARTESIAN_POINT ( 'NONE',  ( -0.9140000000000001500, -0.5979999999999999800, 0.0000000000000000000 ) ) ;
#1080 = CARTESIAN_POINT ( 'NONE',  ( 0.6530000000000000200, 1.194000000000000000, 0.0000000000000000000 ) ) ;
#1081 = CARTESIAN_POINT ( 'NONE',  ( -0.1520000000000000000, -0.6600000000000000300, 0.0000000000000000000 ) ) ;
#1082 = VECTOR ( 'NONE', #1555, 1000.000000000000000 ) ;
#1083 = EDGE_CURVE ( 'NONE', #2325, #251, #2407, .T. ) ;
#1084 = ORIENTED_EDGE ( 'NONE', *, *, #1718, .F. ) ;
#1085 = VERTEX_POINT ( 'NONE', #1406 ) ;
#1086 = CARTESIAN_POINT ( 'NONE',  ( -1.548999999999999900, 1.294999999999999900, 0.05099999999999999700 ) ) ;
#1087 = EDGE_LOOP ( 'NONE', ( #1129, #305, #2571, #586 ) ) ;
#1088 = VERTEX_POINT ( 'NONE', #1399 ) ;
#1089 = LINE ( 'NONE', #997, #1311 ) ;
#1090 = FACE_OUTER_BOUND ( 'NONE', #2615, .T. ) ;
#1091 = ORIENTED_EDGE ( 'NONE', *, *, #1912, .F. ) ;
#1092 = PLANE ( 'NONE',  #652 ) ;
#1093 = DIRECTION ( 'NONE',  ( -1.000000000000000000, 0.0000000000000000000, -0.0000000000000000000 ) ) ;
#1094 = ADVANCED_FACE ( 'NONE', ( #1336 ), #1793, .T. ) ;
#1095 = CARTESIAN_POINT ( 'NONE',  ( -1.448000000000000200, 0.09800000000000000400, 0.0000000000000000000 ) ) ;
#1096 = FACE_OUTER_BOUND ( 'NONE', #611, .T. ) ;
#1097 = ORIENTED_EDGE ( 'NONE', *, *, #2117, .F. ) ;
#1098 = CARTESIAN_POINT ( 'NONE',  ( 0.9140000000000001500, -0.4020000000000000200, 0.05099999999999999700 ) ) ;
#1099 = LINE ( 'NONE', #951, #33 ) ;
#1100 = VECTOR ( 'NONE', #299, 1000.000000000000000 ) ;
#1101 = ORIENTED_EDGE ( 'NONE', *, *, #1941, .F. ) ;
#1102 = ORIENTED_EDGE ( 'NONE', *, *, #620, .F. ) ;
#1103 = ORIENTED_EDGE ( 'NONE', *, *, #1560, .T. ) ;
#1104 = VECTOR ( 'NONE', #96, 1000.000000000000000 ) ;
#1105 = EDGE_CURVE ( 'NONE', #1444, #2115, #808, .T. ) ;
#1106 = CARTESIAN_POINT ( 'NONE',  ( -0.9140000000000001500, 0.9030000000000000200, 0.05099999999999999700 ) ) ;
#1107 = DIRECTION ( 'NONE',  ( -0.0000000000000000000, 0.0000000000000000000, 1.000000000000000000 ) ) ;
#1108 = CARTESIAN_POINT ( 'NONE',  ( -1.448000000000000200, -0.9030000000000000200, 0.05099999999999999700 ) ) ;
#1109 = ORIENTED_EDGE ( 'NONE', *, *, #606, .T. ) ;
#1110 = PLANE ( 'NONE',  #2438 ) ;
#1111 = AXIS2_PLACEMENT_3D ( 'NONE', #855, #2178, #380 ) ;
#1112 = ADVANCED_FACE ( 'NONE', ( #2601 ), #1787, .T. ) ;
#1113 =( GEOMETRIC_REPRESENTATION_CONTEXT ( 3 ) GLOBAL_UNCERTAINTY_ASSIGNED_CONTEXT ( ( #1762 ) ) GLOBAL_UNIT_ASSIGNED_CONTEXT ( ( #534, #956, #349 ) ) REPRESENTATION_CONTEXT ( 'NONE', 'WORKASPACE' ) );
#1114 = PLANE ( 'NONE',  #2428 ) ;
#1115 = CARTESIAN_POINT ( 'NONE',  ( -1.448000000000000200, 0.5979999999999999800, 0.0000000000000000000 ) ) ;
#1116 = UNCERTAINTY_MEASURE_WITH_UNIT (LENGTH_MEASURE( 1.000000000000000100E-005 ), #729, 'distance_accuracy_value', 'NONE');
#1117 = DIRECTION ( 'NONE',  ( 0.0000000000000000000, -0.0000000000000000000, -1.000000000000000000 ) ) ;
#1118 = EDGE_CURVE ( 'NONE', #1031, #1055, #1266, .T. ) ;
#1119 = LINE ( 'NONE', #400, #2128 ) ;
#1120 = CARTESIAN_POINT ( 'NONE',  ( -0.9140000000000001500, -0.5979999999999999800, 0.0000000000000000000 ) ) ;
#1121 = DIRECTION ( 'NONE',  ( 1.000000000000000000, 0.0000000000000000000, -0.0000000000000000000 ) ) ;
#1122 = ADVANCED_FACE ( 'NONE', ( #200 ), #1185, .T. ) ;
#1123 = FACE_OUTER_BOUND ( 'NONE', #312, .T. ) ;
#1124 = VECTOR ( 'NONE', #1854, 1000.000000000000000 ) ;
#1125 = ORIENTED_EDGE ( 'NONE', *, *, #2493, .F. ) ;
#1126 = EDGE_CURVE ( 'NONE', #2289, #1618, #2346, .T. ) ;
#1127 = PLANE ( 'NONE',  #1776 ) ;
#1128 = EDGE_LOOP ( 'NONE', ( #2458, #396, #1509, #2594 ) ) ;
#1129 = ORIENTED_EDGE ( 'NONE', *, *, #404, .T. ) ;
#1130 = PRESENTATION_LAYER_ASSIGNMENT (  '', '', ( #868 ) ) ;
#1131 = VERTEX_POINT ( 'NONE', #1386 ) ;
#1132 = ORIENTED_EDGE ( 'NONE', *, *, #524, .T. ) ;
#1133 = DIRECTION ( 'NONE',  ( 1.000000000000000000, 0.0000000000000000000, -0.0000000000000000000 ) ) ;
#1134 = DIRECTION ( 'NONE',  ( -0.0000000000000000000, -1.000000000000000000, -0.0000000000000000000 ) ) ;
#1135 = LINE ( 'NONE', #232, #1878 ) ;
#1136 = VECTOR ( 'NONE', #1953, 1000.000000000000000 ) ;
#1137 = VERTEX_POINT ( 'NONE', #1772 ) ;
#1138 = SURFACE_STYLE_USAGE ( .BOTH. , #2339 ) ;
#1139 = VECTOR ( 'NONE', #795, 1000.000000000000000 ) ;
#1140 =( LENGTH_UNIT ( ) NAMED_UNIT ( * ) SI_UNIT ( .MILLI., .METRE. ) );
#1141 = ADVANCED_FACE ( 'NONE', ( #1800 ), #1393, .T. ) ;
#1142 = EDGE_CURVE ( 'NONE', #1523, #1832, #342, .T. ) ;
#1143 = CARTESIAN_POINT ( 'NONE',  ( -0.1520000000000000000, 1.194000000000000000, 0.0000000000000000000 ) ) ;
#1144 = AXIS2_PLACEMENT_3D ( 'NONE', #157, #564, #1970 ) ;
#1145 = PLANE ( 'NONE',  #2512 ) ;
#1146 = ADVANCED_FACE ( 'NONE', ( #1355 ), #1974, .T. ) ;
#1147 = DIRECTION ( 'NONE',  ( -0.0000000000000000000, 0.0000000000000000000, -1.000000000000000000 ) ) ;
#1148 = VECTOR ( 'NONE', #1328, 1000.000000000000000 ) ;
#1149 = ORIENTED_EDGE ( 'NONE', *, *, #2536, .T. ) ;
#1150 = EDGE_CURVE ( 'NONE', #1339, #2353, #827, .T. ) ;
#1151 = DIRECTION ( 'NONE',  ( 1.000000000000000000, 0.0000000000000000000, -0.0000000000000000000 ) ) ;
#1152 = ORIENTED_EDGE ( 'NONE', *, *, #140, .F. ) ;
#1153 = ORIENTED_EDGE ( 'NONE', *, *, #257, .T. ) ;
#1154 =( LENGTH_UNIT ( ) NAMED_UNIT ( * ) SI_UNIT ( .MILLI., .METRE. ) );
#1155 = VECTOR ( 'NONE', #1207, 1000.000000000000000 ) ;
#1156 = AXIS2_PLACEMENT_3D ( 'NONE', #1081, #1287, #85 ) ;
#1157 = VECTOR ( 'NONE', #2490, 1000.000000000000000 ) ;
#1158 = VERTEX_POINT ( 'NONE', #964 ) ;
#1159 = ORIENTED_EDGE ( 'NONE', *, *, #2403, .T. ) ;
#1160 =( NAMED_UNIT ( * ) PLANE_ANGLE_UNIT ( ) SI_UNIT ( $, .RADIAN. ) );
#1161 = VECTOR ( 'NONE', #402, 1000.000000000000000 ) ;
#1162 = ORIENTED_EDGE ( 'NONE', *, *, #2168, .F. ) ;
#1163 = ADVANCED_FACE ( 'NONE', ( #279 ), #2376, .T. ) ;
#1164 = PRESENTATION_STYLE_ASSIGNMENT (( #1426 ) ) ;
#1165 = MECHANICAL_DESIGN_GEOMETRIC_PRESENTATION_REPRESENTATION (  '', ( #767 ), #1292 ) ;
#1166 = PLANE ( 'NONE',  #1794 ) ;
#1167 = FACE_OUTER_BOUND ( 'NONE', #2505, .T. ) ;
#1168 = VERTEX_POINT ( 'NONE', #2577 ) ;
#1169 = MANIFOLD_SOLID_BREP ( 'Imported7', #2375 ) ;
#1170 = PLANE ( 'NONE',  #2239 ) ;
#1171 = CARTESIAN_POINT ( 'NONE',  ( -0.1520000000000000000, 0.6600000000000000300, 0.05099999999999999700 ) ) ;
#1172 = EDGE_CURVE ( 'NONE', #1131, #2441, #2362, .T. ) ;
#1173 = PLANE ( 'NONE',  #2067 ) ;
#1174 = EDGE_CURVE ( 'NONE', #54, #1983, #1816, .T. ) ;
#1175 = PLANE ( 'NONE',  #160 ) ;
#1176 = ADVANCED_FACE ( 'NONE', ( #1285 ), #1359, .T. ) ;
#1177 = CARTESIAN_POINT ( 'NONE',  ( 0.9140000000000001500, -0.09800000000000000400, 0.0000000000000000000 ) ) ;
#1178 = AXIS2_PLACEMENT_3D ( 'NONE', #242, #1635, #15 ) ;
#1179 = CARTESIAN_POINT ( 'NONE',  ( -0.9140000000000001500, 0.9030000000000000200, 0.0000000000000000000 ) ) ;
#1180 = CARTESIAN_POINT ( 'NONE',  ( 0.1520000000000000000, -1.194000000000000000, 0.0000000000000000000 ) ) ;
#1181 = PLANE ( 'NONE',  #1962 ) ;
#1182 = DIRECTION ( 'NONE',  ( 0.0000000000000000000, 0.0000000000000000000, 1.000000000000000000 ) ) ;
#1183 = VECTOR ( 'NONE', #13, 1000.000000000000000 ) ;
#1184 = ORIENTED_EDGE ( 'NONE', *, *, #1429, .F. ) ;
#1185 = PLANE ( 'NONE',  #1552 ) ;
#1186 = VECTOR ( 'NONE', #625, 1000.000000000000000 ) ;
#1187 = ORIENTED_EDGE ( 'NONE', *, *, #257, .F. ) ;
#1188 = CARTESIAN_POINT ( 'NONE',  ( -0.1520000000000000000, -1.194000000000000000, 0.0000000000000000000 ) ) ;
#1189 = EDGE_LOOP ( 'NONE', ( #583, #2066, #1535, #998 ) ) ;
#1190 = EDGE_CURVE ( 'NONE', #2099, #500, #1099, .T. ) ;
#1191 = CARTESIAN_POINT ( 'NONE',  ( 1.448000000000000200, 0.9030000000000000200, 0.0000000000000000000 ) ) ;
#1192 = FACE_OUTER_BOUND ( 'NONE', #2098, .T. ) ;
#1193 = SURFACE_STYLE_USAGE ( .BOTH. , #2401 ) ;
#1194 = VECTOR ( 'NONE', #2453, 1000.000000000000000 ) ;
#1195 = EDGE_LOOP ( 'NONE', ( #117, #487, #1451, #177 ) ) ;
#1196 = EDGE_LOOP ( 'NONE', ( #1622, #1038, #2467, #2321 ) ) ;
#1197 = VECTOR ( 'NONE', #504, 1000.000000000000000 ) ;
#1198 = VECTOR ( 'NONE', #1484, 1000.000000000000000 ) ;
#1199 = EDGE_LOOP ( 'NONE', ( #2103, #31, #1742, #2159 ) ) ;
#1200 = CARTESIAN_POINT ( 'NONE',  ( -0.6530000000000000200, -1.194000000000000000, 0.0000000000000000000 ) ) ;
#1201 = CARTESIAN_POINT ( 'NONE',  ( -1.448000000000000200, -0.4020000000000000200, 0.05099999999999999700 ) ) ;
#1202 = CARTESIAN_POINT ( 'NONE',  ( -1.548999999999999900, 1.294999999999999900, 0.05099999999999999700 ) ) ;
#1203 = PRESENTATION_LAYER_ASSIGNMENT (  '', '', ( #1056 ) ) ;
#1204 = VECTOR ( 'NONE', #1151, 1000.000000000000000 ) ;
#1205 = VECTOR ( 'NONE', #231, 1000.000000000000000 ) ;
#1206 = FILL_AREA_STYLE ('',( #192 ) ) ;
#1207 = DIRECTION ( 'NONE',  ( -0.0000000000000000000, -1.000000000000000000, -0.0000000000000000000 ) ) ;
#1208 = DIRECTION ( 'NONE',  ( 0.0000000000000000000, -0.0000000000000000000, 1.000000000000000000 ) ) ;
#1209 = EDGE_CURVE ( 'NONE', #967, #1168, #2108, .T. ) ;
#1210 = SURFACE_SIDE_STYLE ('',( #1737 ) ) ;
#1211 = DIRECTION ( 'NONE',  ( -0.0000000000000000000, -0.0000000000000000000, -1.000000000000000000 ) ) ;
#1212 = LINE ( 'NONE', #875, #870 ) ;
#1213 = DIRECTION ( 'NONE',  ( 0.0000000000000000000, 0.0000000000000000000, 1.000000000000000000 ) ) ;
#1214 = CARTESIAN_POINT ( 'NONE',  ( 0.9140000000000001500, -0.9030000000000000200, 0.05099999999999999700 ) ) ;
#1215 = ORIENTED_EDGE ( 'NONE', *, *, #373, .T. ) ;
#1216 = ORIENTED_EDGE ( 'NONE', *, *, #909, .F. ) ;
#1217 = ORIENTED_EDGE ( 'NONE', *, *, #1682, .F. ) ;
#1218 = VERTEX_POINT ( 'NONE', #766 ) ;
#1219 = EDGE_LOOP ( 'NONE', ( #1971, #2143, #2510, #297 ) ) ;
#1220 = CARTESIAN_POINT ( 'NONE',  ( -0.3479999999999999800, -1.194000000000000000, 0.05099999999999999700 ) ) ;
#1221 = DIRECTION ( 'NONE',  ( -1.000000000000000000, 0.0000000000000000000, 0.0000000000000000000 ) ) ;
#1222 = ORIENTED_EDGE ( 'NONE', *, *, #1413, .T. ) ;
#1223 = EDGE_CURVE ( 'NONE', #1246, #690, #2043, .T. ) ;
#1224 = VECTOR ( 'NONE', #193, 1000.000000000000000 ) ;
#1225 = VECTOR ( 'NONE', #1548, 1000.000000000000000 ) ;
#1226 = LINE ( 'NONE', #198, #2232 ) ;
#1227 = ORIENTED_EDGE ( 'NONE', *, *, #1514, .T. ) ;
#1228 = ORIENTED_EDGE ( 'NONE', *, *, #2523, .T. ) ;
#1229 = DIRECTION ( 'NONE',  ( -0.0000000000000000000, 0.0000000000000000000, 1.000000000000000000 ) ) ;
#1230 = DIRECTION ( 'NONE',  ( 0.0000000000000000000, 0.0000000000000000000, 1.000000000000000000 ) ) ;
#1231 = DIRECTION ( 'NONE',  ( -1.000000000000000000, 0.0000000000000000000, -0.0000000000000000000 ) ) ;
#1232 = LINE ( 'NONE', #1697, #1791 ) ;
#1233 = DIRECTION ( 'NONE',  ( 1.000000000000000000, 0.0000000000000000000, -0.0000000000000000000 ) ) ;
#1234 = CARTESIAN_POINT ( 'NONE',  ( -1.548999999999999900, 1.294999999999999900, 0.05099999999999999700 ) ) ;
#1235 = EDGE_CURVE ( 'NONE', #1523, #2583, #1041, .T. ) ;
#1236 = CARTESIAN_POINT ( 'NONE',  ( 1.448000000000000200, 0.09800000000000000400, 0.0000000000000000000 ) ) ;
#1237 = COLOUR_RGB ( '',0.7215686274509803800, 0.7215686274509803800, 0.7215686274509803800 ) ;
#1238 = LINE ( 'NONE', #2263, #1028 ) ;
#1239 = VECTOR ( 'NONE', #26, 1000.000000000000000 ) ;
#1240 = CARTESIAN_POINT ( 'NONE',  ( -0.3479999999999999800, -0.6600000000000000300, 0.0000000000000000000 ) ) ;
#1241 = ORIENTED_EDGE ( 'NONE', *, *, #2565, .F. ) ;
#1242 = VECTOR ( 'NONE', #2501, 1000.000000000000000 ) ;
#1243 = LINE ( 'NONE', #1262, #2476 ) ;
#1244 = VECTOR ( 'NONE', #1069, 1000.000000000000000 ) ;
#1245 = ORIENTED_EDGE ( 'NONE', *, *, #1560, .F. ) ;
#1246 = VERTEX_POINT ( 'NONE', #2148 ) ;
#1247 = VECTOR ( 'NONE', #2311, 1000.000000000000000 ) ;
#1248 = ORIENTED_EDGE ( 'NONE', *, *, #456, .T. ) ;
#1249 = EDGE_CURVE ( 'NONE', #2365, #1367, #2519, .T. ) ;
#1250 = DIRECTION ( 'NONE',  ( 0.0000000000000000000, 1.000000000000000000, 0.0000000000000000000 ) ) ;
#1251 = ORIENTED_EDGE ( 'NONE', *, *, #2133, .F. ) ;
#1252 = CARTESIAN_POINT ( 'NONE',  ( -0.6530000000000000200, 1.194000000000000000, 0.05099999999999999700 ) ) ;
#1253 = CARTESIAN_POINT ( 'NONE',  ( -1.448000000000000200, 0.5979999999999999800, 0.05099999999999999700 ) ) ;
#1254 = FILL_AREA_STYLE_COLOUR ( '', #2579 ) ;
#1255 = VECTOR ( 'NONE', #112, 1000.000000000000000 ) ;
#1256 = ORIENTED_EDGE ( 'NONE', *, *, #2133, .T. ) ;
#1257 = DIRECTION ( 'NONE',  ( -1.000000000000000000, -0.0000000000000000000, -0.0000000000000000000 ) ) ;
#1258 = STYLED_ITEM ( 'NONE', ( #77 ), #49 ) ;
#1259 = MECHANICAL_DESIGN_GEOMETRIC_PRESENTATION_REPRESENTATION (  '', ( #868 ), #1400 ) ;
#1260 = DIRECTION ( 'NONE',  ( -0.0000000000000000000, 0.0000000000000000000, -1.000000000000000000 ) ) ;
#1261 = PLANE ( 'NONE',  #2254 ) ;
#1262 = CARTESIAN_POINT ( 'NONE',  ( -0.1520000000000000000, -1.194000000000000000, 0.05099999999999999700 ) ) ;
#1263 = CARTESIAN_POINT ( 'NONE',  ( 0.1520000000000000000, -0.6600000000000000300, 0.0000000000000000000 ) ) ;
#1264 = DIRECTION ( 'NONE',  ( 0.0000000000000000000, -1.000000000000000000, 0.0000000000000000000 ) ) ;
#1265 = EDGE_CURVE ( 'NONE', #1003, #245, #434, .T. ) ;
#1266 = LINE ( 'NONE', #2398, #266 ) ;
#1267 = MANIFOLD_SOLID_BREP ( 'Imported13', #936 ) ;
#1268 = AXIS2_PLACEMENT_3D ( 'NONE', #2193, #1589, #175 ) ;
#1269 = COLOUR_RGB ( '',0.7215686274509803800, 0.7215686274509803800, 0.7215686274509803800 ) ;
#1270 = ORIENTED_EDGE ( 'NONE', *, *, #1547, .F. ) ;
#1271 = SURFACE_STYLE_USAGE ( .BOTH. , #1282 ) ;
#1272 =( LENGTH_UNIT ( ) NAMED_UNIT ( * ) SI_UNIT ( .MILLI., .METRE. ) );
#1273 = AXIS2_PLACEMENT_3D ( 'NONE', #2393, #1182, #2592 ) ;
#1274 = DIRECTION ( 'NONE',  ( 0.0000000000000000000, -0.0000000000000000000, -1.000000000000000000 ) ) ;
#1275 = ORIENTED_EDGE ( 'NONE', *, *, #1753, .T. ) ;
#1276 = ORIENTED_EDGE ( 'NONE', *, *, #1954, .T. ) ;
#1277 = PLANE ( 'NONE',  #915 ) ;
#1278 = VERTEX_POINT ( 'NONE', #538 ) ;
#1279 = VECTOR ( 'NONE', #8, 1000.000000000000000 ) ;
#1280 = VECTOR ( 'NONE', #971, 1000.000000000000000 ) ;
#1281 = EDGE_CURVE ( 'NONE', #861, #1539, #724, .T. ) ;
#1282 = SURFACE_SIDE_STYLE ('',( #1606 ) ) ;
#1283 =( NAMED_UNIT ( * ) PLANE_ANGLE_UNIT ( ) SI_UNIT ( $, .RADIAN. ) );
#1284 = DIRECTION ( 'NONE',  ( 0.0000000000000000000, -0.0000000000000000000, 1.000000000000000000 ) ) ;
#1285 = FACE_OUTER_BOUND ( 'NONE', #1607, .T. ) ;
#1286 = LINE ( 'NONE', #2017, #686 ) ;
#1287 = DIRECTION ( 'NONE',  ( -1.000000000000000000, 0.0000000000000000000, 0.0000000000000000000 ) ) ;
#1288 = EDGE_LOOP ( 'NONE', ( #1693, #558, #332, #1370 ) ) ;
#1289 = CARTESIAN_POINT ( 'NONE',  ( 1.548999999999999900, -1.294999999999999900, 0.05099999999999999700 ) ) ;
#1290 =( NAMED_UNIT ( * ) PLANE_ANGLE_UNIT ( ) SI_UNIT ( $, .RADIAN. ) );
#1291 = ADVANCED_FACE ( 'NONE', ( #976 ), #1927, .T. ) ;
#1292 =( GEOMETRIC_REPRESENTATION_CONTEXT ( 3 ) GLOBAL_UNCERTAINTY_ASSIGNED_CONTEXT ( ( #2242 ) ) GLOBAL_UNIT_ASSIGNED_CONTEXT ( ( #1066, #1458, #1851 ) ) REPRESENTATION_CONTEXT ( 'NONE', 'WORKASPACE' ) );
#1293 = CARTESIAN_POINT ( 'NONE',  ( 0.9140000000000001500, 0.4020000000000000200, 0.0000000000000000000 ) ) ;
#1294 = PLANE ( 'NONE',  #113 ) ;
#1295 = FILL_AREA_STYLE ('',( #1254 ) ) ;
#1296 = CARTESIAN_POINT ( 'NONE',  ( 1.448000000000000200, 0.09800000000000000400, 0.05099999999999999700 ) ) ;
#1297 = DIRECTION ( 'NONE',  ( -0.0000000000000000000, -1.000000000000000000, -0.0000000000000000000 ) ) ;
#1298 = EDGE_CURVE ( 'NONE', #2441, #1158, #1720, .T. ) ;
#1299 = DIRECTION ( 'NONE',  ( 0.0000000000000000000, -1.000000000000000000, 0.0000000000000000000 ) ) ;
#1300 = ADVANCED_FACE ( 'NONE', ( #2268 ), #1319, .T. ) ;
#1301 = SURFACE_SIDE_STYLE ('',( #973 ) ) ;
#1302 = LINE ( 'NONE', #1171, #1765 ) ;
#1303 = EDGE_CURVE ( 'NONE', #1317, #1599, #125, .T. ) ;
#1304 = UNCERTAINTY_MEASURE_WITH_UNIT (LENGTH_MEASURE( 1.000000000000000100E-005 ), #1140, 'distance_accuracy_value', 'NONE');
#1305 = FACE_OUTER_BOUND ( 'NONE', #1784, .T. ) ;
#1306 = DIRECTION ( 'NONE',  ( -0.0000000000000000000, 0.0000000000000000000, -1.000000000000000000 ) ) ;
#1307 = VERTEX_POINT ( 'NONE', #922 ) ;
#1308 = VECTOR ( 'NONE', #510, 1000.000000000000000 ) ;
#1309 = VECTOR ( 'NONE', #1775, 1000.000000000000000 ) ;
#1310 = VERTEX_POINT ( 'NONE', #2118 ) ;
#1311 = VECTOR ( 'NONE', #185, 1000.000000000000000 ) ;
#1312 = LINE ( 'NONE', #1486, #1777 ) ;
#1313 = ORIENTED_EDGE ( 'NONE', *, *, #736, .F. ) ;
#1314 = FILL_AREA_STYLE_COLOUR ( '', #588 ) ;
#1315 = ORIENTED_EDGE ( 'NONE', *, *, #275, .T. ) ;
#1316 = LINE ( 'NONE', #1795, #2039 ) ;
#1317 = VERTEX_POINT ( 'NONE', #1543 ) ;
#1318 = ORIENTED_EDGE ( 'NONE', *, *, #1209, .F. ) ;
#1319 = PLANE ( 'NONE',  #1627 ) ;
#1320 = ADVANCED_FACE ( 'NONE', ( #655 ), #1521, .T. ) ;
#1321 = ORIENTED_EDGE ( 'NONE', *, *, #1582, .F. ) ;
#1322 = EDGE_CURVE ( 'NONE', #1618, #54, #1659, .T. ) ;
#1323 = CARTESIAN_POINT ( 'NONE',  ( -1.548999999999999900, -1.294999999999999900, 1.397000000000000000 ) ) ;
#1324 = FACE_OUTER_BOUND ( 'NONE', #2261, .T. ) ;
#1325 =( LENGTH_UNIT ( ) NAMED_UNIT ( * ) SI_UNIT ( .MILLI., .METRE. ) );
#1326 = AXIS2_PLACEMENT_3D ( 'NONE', #2271, #2058, #651 ) ;
#1327 = MECHANICAL_DESIGN_GEOMETRIC_PRESENTATION_REPRESENTATION (  '', ( #1056 ), #1465 ) ;
#1328 = DIRECTION ( 'NONE',  ( -1.000000000000000000, -0.0000000000000000000, -0.0000000000000000000 ) ) ;
#1329 = ADVANCED_FACE ( 'NONE', ( #62 ), #912, .T. ) ;
#1330 = CARTESIAN_POINT ( 'NONE',  ( 0.6530000000000000200, -0.6600000000000000300, 0.0000000000000000000 ) ) ;
#1331 = CARTESIAN_POINT ( 'NONE',  ( 0.3479999999999999800, -1.194000000000000000, 0.0000000000000000000 ) ) ;
#1332 = SURFACE_SIDE_STYLE ('',( #1446 ) ) ;
#1333 = ORIENTED_EDGE ( 'NONE', *, *, #1941, .T. ) ;
#1334 = EDGE_CURVE ( 'NONE', #2610, #1577, #2199, .T. ) ;
#1335 = FACE_OUTER_BOUND ( 'NONE', #679, .T. ) ;
#1336 = FACE_OUTER_BOUND ( 'NONE', #880, .T. ) ;
#1337 = LINE ( 'NONE', #1323, #1148 ) ;
#1338 = CARTESIAN_POINT ( 'NONE',  ( 0.9140000000000001500, -0.9030000000000000200, 0.0000000000000000000 ) ) ;
#1339 = VERTEX_POINT ( 'NONE', #1296 ) ;
#1340 = VECTOR ( 'NONE', #2502, 1000.000000000000000 ) ;
#1341 = ORIENTED_EDGE ( 'NONE', *, *, #862, .T. ) ;
#1342 = AXIS2_PLACEMENT_3D ( 'NONE', #1201, #835, #408 ) ;
#1343 = DIRECTION ( 'NONE',  ( 1.000000000000000000, -0.0000000000000000000, 0.0000000000000000000 ) ) ;
#1344 = DIRECTION ( 'NONE',  ( 0.0000000000000000000, 1.000000000000000000, 0.0000000000000000000 ) ) ;
#1345 = ORIENTED_EDGE ( 'NONE', *, *, #2352, .T. ) ;
#1346 = VERTEX_POINT ( 'NONE', #1507 ) ;
#1347 = ADVANCED_FACE ( 'NONE', ( #2140 ), #1110, .T. ) ;
#1348 = AXIS2_PLACEMENT_3D ( 'NONE', #2469, #25, #108 ) ;
#1349 = ORIENTED_EDGE ( 'NONE', *, *, #1118, .T. ) ;
#1350 = VERTEX_POINT ( 'NONE', #2306 ) ;
#1351 = PLANE ( 'NONE',  #882 ) ;
#1352 = LINE ( 'NONE', #37, #1279 ) ;
#1353 = VECTOR ( 'NONE', #986, 1000.000000000000000 ) ;
#1354 = ORIENTED_EDGE ( 'NONE', *, *, #2493, .T. ) ;
#1355 = FACE_OUTER_BOUND ( 'NONE', #1818, .T. ) ;
#1356 = VECTOR ( 'NONE', #2437, 1000.000000000000000 ) ;
#1357 = ORIENTED_EDGE ( 'NONE', *, *, #909, .T. ) ;
#1358 = ORIENTED_EDGE ( 'NONE', *, *, #75, .F. ) ;
#1359 = PLANE ( 'NONE',  #542 ) ;
#1360 = CARTESIAN_POINT ( 'NONE',  ( 0.6530000000000000200, 0.6600000000000000300, 0.05099999999999999700 ) ) ;
#1361 = MANIFOLD_SOLID_BREP ( 'Imported6', #2397 ) ;
#1362 = EDGE_CURVE ( 'NONE', #1539, #1577, #1418, .T. ) ;
#1363 =( NAMED_UNIT ( * ) SI_UNIT ( $, .STERADIAN. ) SOLID_ANGLE_UNIT ( ) );
#1364 = ADVANCED_FACE ( 'NONE', ( #2419 ), #1699, .T. ) ;
#1365 = SURFACE_STYLE_USAGE ( .BOTH. , #154 ) ;
#1366 = AXIS2_PLACEMENT_3D ( 'NONE', #317, #1531, #124 ) ;
#1367 = VERTEX_POINT ( 'NONE', #2298 ) ;
#1368 = DIRECTION ( 'NONE',  ( 0.0000000000000000000, 0.0000000000000000000, -1.000000000000000000 ) ) ;
#1369 = DIRECTION ( 'NONE',  ( -1.000000000000000000, 0.0000000000000000000, -0.0000000000000000000 ) ) ;
#1370 = ORIENTED_EDGE ( 'NONE', *, *, #2079, .T. ) ;
#1371 = CARTESIAN_POINT ( 'NONE',  ( 0.9140000000000001500, 0.09800000000000000400, 0.05099999999999999700 ) ) ;
#1372 = ADVANCED_FACE ( 'NONE', ( #1944 ), #1277, .T. ) ;
#1373 = CYLINDRICAL_SURFACE ( 'NONE', #1597, 0.06477000000000002200 ) ;
#1374 = ORIENTED_EDGE ( 'NONE', *, *, #1527, .F. ) ;
#1375 = FACE_OUTER_BOUND ( 'NONE', #1199, .T. ) ;
#1376 = EDGE_CURVE ( 'NONE', #1512, #754, #1135, .T. ) ;
#1377 = FACE_OUTER_BOUND ( 'NONE', #595, .T. ) ;
#1378 = ORIENTED_EDGE ( 'NONE', *, *, #843, .F. ) ;
#1379 = VERTEX_POINT ( 'NONE', #1467 ) ;
#1380 = CARTESIAN_POINT ( 'NONE',  ( -0.3479999999999999800, -1.194000000000000000, 0.0000000000000000000 ) ) ;
#1381 = DIRECTION ( 'NONE',  ( 0.0000000000000000000, 1.000000000000000000, 0.0000000000000000000 ) ) ;
#1382 = AXIS2_PLACEMENT_3D ( 'NONE', #72, #883, #826 ) ;
#1383 = LINE ( 'NONE', #1075, #1157 ) ;
#1384 = EDGE_LOOP ( 'NONE', ( #796, #750, #460, #1679 ) ) ;
#1385 = ORIENTED_EDGE ( 'NONE', *, *, #306, .F. ) ;
#1386 = CARTESIAN_POINT ( 'NONE',  ( -0.3479999999999999800, 1.194000000000000000, 0.0000000000000000000 ) ) ;
#1387 = ORIENTED_EDGE ( 'NONE', *, *, #1924, .T. ) ;
#1388 = ORIENTED_EDGE ( 'NONE', *, *, #2609, .F. ) ;
#1389 = ORIENTED_EDGE ( 'NONE', *, *, #2554, .F. ) ;
#1390 = CARTESIAN_POINT ( 'NONE',  ( -0.9140000000000001500, 0.4020000000000000200, 0.0000000000000000000 ) ) ;
#1391 = FILL_AREA_STYLE_COLOUR ( '', #1237 ) ;
#1392 = ADVANCED_FACE ( 'NONE', ( #822 ), #1487, .T. ) ;
#1393 = PLANE ( 'NONE',  #1804 ) ;
#1394 = CARTESIAN_POINT ( 'NONE',  ( -0.6530000000000000200, -0.6600000000000000300, 0.05099999999999999700 ) ) ;
#1395 = EDGE_CURVE ( 'NONE', #1031, #1088, #2360, .T. ) ;
#1396 = CARTESIAN_POINT ( 'NONE',  ( -0.6530000000000000200, -0.6600000000000000300, 0.0000000000000000000 ) ) ;
#1397 = PRESENTATION_LAYER_ASSIGNMENT (  '', '', ( #1258 ) ) ;
#1398 =( NAMED_UNIT ( * ) PLANE_ANGLE_UNIT ( ) SI_UNIT ( $, .RADIAN. ) );
#1399 = CARTESIAN_POINT ( 'NONE',  ( -0.3479999999999999800, -0.6600000000000000300, 0.05099999999999999700 ) ) ;
#1400 =( GEOMETRIC_REPRESENTATION_CONTEXT ( 3 ) GLOBAL_UNCERTAINTY_ASSIGNED_CONTEXT ( ( #367 ) ) GLOBAL_UNIT_ASSIGNED_CONTEXT ( ( #366, #1955, #2591 ) ) REPRESENTATION_CONTEXT ( 'NONE', 'WORKASPACE' ) );
#1401 = SURFACE_STYLE_USAGE ( .BOTH. , #1301 ) ;
#1402 = CARTESIAN_POINT ( 'NONE',  ( -1.240000000000000000, 0.7500000000000000000, 1.399999999999999900 ) ) ;
#1403 = CARTESIAN_POINT ( 'NONE',  ( 0.9140000000000001500, -0.09800000000000000400, 0.0000000000000000000 ) ) ;
#1404 = VECTOR ( 'NONE', #2294, 1000.000000000000000 ) ;
#1405 = VECTOR ( 'NONE', #502, 1000.000000000000000 ) ;
#1406 = CARTESIAN_POINT ( 'NONE',  ( 1.448000000000000200, 0.5979999999999999800, 0.05099999999999999700 ) ) ;
#1407 = CARTESIAN_POINT ( 'NONE',  ( -1.548999999999999900, -1.294999999999999900, 0.05099999999999999700 ) ) ;
#1408 = VECTOR ( 'NONE', #2107, 1000.000000000000000 ) ;
#1409 = DIRECTION ( 'NONE',  ( 0.0000000000000000000, -0.0000000000000000000, 1.000000000000000000 ) ) ;
#1410 = ORIENTED_EDGE ( 'NONE', *, *, #1820, .T. ) ;
#1411 = DIRECTION ( 'NONE',  ( 1.000000000000000000, -0.0000000000000000000, 0.0000000000000000000 ) ) ;
#1412 = ORIENTED_EDGE ( 'NONE', *, *, #1281, .T. ) ;
#1413 = EDGE_CURVE ( 'NONE', #2587, #2320, #1352, .T. ) ;
#1414 = ORIENTED_EDGE ( 'NONE', *, *, #2333, .T. ) ;
#1415 = DIRECTION ( 'NONE',  ( 1.000000000000000000, 0.0000000000000000000, -0.0000000000000000000 ) ) ;
#1416 = ORIENTED_EDGE ( 'NONE', *, *, #1827, .T. ) ;
#1417 = ORIENTED_EDGE ( 'NONE', *, *, #2352, .F. ) ;
#1418 = LINE ( 'NONE', #899, #884 ) ;
#1419 = FACE_OUTER_BOUND ( 'NONE', #307, .T. ) ;
#1420 = EDGE_LOOP ( 'NONE', ( #2550, #2166, #207, #1102 ) ) ;
#1421 = DIRECTION ( 'NONE',  ( 0.0000000000000000000, 1.000000000000000000, 0.0000000000000000000 ) ) ;
#1422 =( LENGTH_UNIT ( ) NAMED_UNIT ( * ) SI_UNIT ( .MILLI., .METRE. ) );
#1423 = DIRECTION ( 'NONE',  ( 0.0000000000000000000, 0.0000000000000000000, 1.000000000000000000 ) ) ;
#1424 = AXIS2_PLACEMENT_3D ( 'NONE', #2586, #1381, #161 ) ;
#1425 = LINE ( 'NONE', #1045, #343 ) ;
#1426 = SURFACE_STYLE_USAGE ( .BOTH. , #1733 ) ;
#1427 = CARTESIAN_POINT ( 'NONE',  ( -0.1520000000000000000, -0.6600000000000000300, 0.05099999999999999700 ) ) ;
#1428 = DIRECTION ( 'NONE',  ( 0.0000000000000000000, -0.0000000000000000000, 1.000000000000000000 ) ) ;
#1429 = EDGE_CURVE ( 'NONE', #1310, #878, #1813, .T. ) ;
#1430 = ORIENTED_EDGE ( 'NONE', *, *, #422, .T. ) ;
#1431 = CARTESIAN_POINT ( 'NONE',  ( 0.3479999999999999800, 1.194000000000000000, 0.05099999999999999700 ) ) ;
#1432 = CARTESIAN_POINT ( 'NONE',  ( 0.3479999999999999800, 1.194000000000000000, 0.05099999999999999700 ) ) ;
#1433 = CARTESIAN_POINT ( 'NONE',  ( -0.1520000000000000000, 1.194000000000000000, 0.0000000000000000000 ) ) ;
#1434 = FACE_OUTER_BOUND ( 'NONE', #642, .T. ) ;
#1435 = ORIENTED_EDGE ( 'NONE', *, *, #1996, .T. ) ;
#1436 = LINE ( 'NONE', #2551, #1906 ) ;
#1437 = VERTEX_POINT ( 'NONE', #104 ) ;
#1438 = ORIENTED_EDGE ( 'NONE', *, *, #1223, .F. ) ;
#1439 = EDGE_CURVE ( 'NONE', #913, #793, #1749, .T. ) ;
#1440 = CARTESIAN_POINT ( 'NONE',  ( -0.1520000000000000000, 0.6600000000000000300, 0.05099999999999999700 ) ) ;
#1441 = CARTESIAN_POINT ( 'NONE',  ( -1.548999999999999900, -1.294999999999999900, 0.05099999999999999700 ) ) ;
#1442 = ORIENTED_EDGE ( 'NONE', *, *, #38, .F. ) ;
#1443 = EDGE_CURVE ( 'NONE', #2325, #619, #2296, .T. ) ;
#1444 = VERTEX_POINT ( 'NONE', #689 ) ;
#1445 = CARTESIAN_POINT ( 'NONE',  ( -0.1520000000000000000, 1.194000000000000000, 0.05099999999999999700 ) ) ;
#1446 = SURFACE_STYLE_FILL_AREA ( #134 ) ;
#1447 = COLOUR_RGB ( '',0.5843137254901961100, 0.5843137254901961100, 0.5843137254901961100 ) ;
#1448 = ORIENTED_EDGE ( 'NONE', *, *, #968, .F. ) ;
#1449 = AXIS2_PLACEMENT_3D ( 'NONE', #599, #614, #624 ) ;
#1450 = DIRECTION ( 'NONE',  ( 0.0000000000000000000, -0.0000000000000000000, 1.000000000000000000 ) ) ;
#1451 = ORIENTED_EDGE ( 'NONE', *, *, #1105, .F. ) ;
#1452 = CARTESIAN_POINT ( 'NONE',  ( 1.448000000000000200, 0.9030000000000000200, 0.05099999999999999700 ) ) ;
#1453 = PRESENTATION_STYLE_ASSIGNMENT (( #2588 ) ) ;
#1454 = DIRECTION ( 'NONE',  ( 1.000000000000000000, 0.0000000000000000000, -0.0000000000000000000 ) ) ;
#1455 = FACE_OUTER_BOUND ( 'NONE', #1128, .T. ) ;
#1456 = DIRECTION ( 'NONE',  ( 1.000000000000000000, -0.0000000000000000000, 0.0000000000000000000 ) ) ;
#1457 = ORIENTED_EDGE ( 'NONE', *, *, #524, .F. ) ;
#1458 =( NAMED_UNIT ( * ) PLANE_ANGLE_UNIT ( ) SI_UNIT ( $, .RADIAN. ) );
#1459 = DIRECTION ( 'NONE',  ( -0.0000000000000000000, 0.0000000000000000000, 1.000000000000000000 ) ) ;
#1460 = CARTESIAN_POINT ( 'NONE',  ( 0.6530000000000000200, 1.194000000000000000, 0.0000000000000000000 ) ) ;
#1461 = EDGE_CURVE ( 'NONE', #97, #2365, #681, .T. ) ;
#1462 = CARTESIAN_POINT ( 'NONE',  ( -0.6530000000000000200, 0.6600000000000000300, 0.05099999999999999700 ) ) ;
#1463 = FILL_AREA_STYLE ('',( #11 ) ) ;
#1464 = DIRECTION ( 'NONE',  ( 0.0000000000000000000, -0.0000000000000000000, 1.000000000000000000 ) ) ;
#1465 =( GEOMETRIC_REPRESENTATION_CONTEXT ( 3 ) GLOBAL_UNCERTAINTY_ASSIGNED_CONTEXT ( ( #1116 ) ) GLOBAL_UNIT_ASSIGNED_CONTEXT ( ( #729, #2136, #931 ) ) REPRESENTATION_CONTEXT ( 'NONE', 'WORKASPACE' ) );
#1466 = PLANE ( 'NONE',  #2152 ) ;
#1467 = CARTESIAN_POINT ( 'NONE',  ( -0.9140000000000001500, 0.4020000000000000200, 0.05099999999999999700 ) ) ;
#1468 = PLANE ( 'NONE',  #1638 ) ;
#1469 = LINE ( 'NONE', #702, #1000 ) ;
#1470 = VECTOR ( 'NONE', #842, 1000.000000000000000 ) ;
#1471 = EDGE_LOOP ( 'NONE', ( #962, #1752, #753, #1349 ) ) ;
#1472 = ORIENTED_EDGE ( 'NONE', *, *, #1065, .F. ) ;
#1473 = CLOSED_SHELL ( 'NONE', ( #1931, #2185, #2151, #2526, #363, #94 ) ) ;
#1474 = ORIENTED_EDGE ( 'NONE', *, *, #1700, .T. ) ;
#1475 = EDGE_CURVE ( 'NONE', #2289, #2221, #150, .T. ) ;
#1476 = CARTESIAN_POINT ( 'NONE',  ( 0.9140000000000001500, -0.5979999999999999800, 0.0000000000000000000 ) ) ;
#1477 = EDGE_LOOP ( 'NONE', ( #2451, #1184, #711, #1723 ) ) ;
#1478 = DIRECTION ( 'NONE',  ( 0.0000000000000000000, 1.000000000000000000, -0.0000000000000000000 ) ) ;
#1479 =( NAMED_UNIT ( * ) PLANE_ANGLE_UNIT ( ) SI_UNIT ( $, .RADIAN. ) );
#1480 = PLANE ( 'NONE',  #846 ) ;
#1481 = ORIENTED_EDGE ( 'NONE', *, *, #1461, .F. ) ;
#1482 = DIRECTION ( 'NONE',  ( -1.000000000000000000, -0.0000000000000000000, -0.0000000000000000000 ) ) ;
#1483 = FACE_OUTER_BOUND ( 'NONE', #916, .T. ) ;
#1484 = DIRECTION ( 'NONE',  ( -1.000000000000000000, 0.0000000000000000000, -0.0000000000000000000 ) ) ;
#1485 = SURFACE_SIDE_STYLE ('',( #2286 ) ) ;
#1486 = CARTESIAN_POINT ( 'NONE',  ( 1.448000000000000200, -0.09800000000000000400, 0.0000000000000000000 ) ) ;
#1487 = PLANE ( 'NONE',  #1178 ) ;
#1488 = CARTESIAN_POINT ( 'NONE',  ( -1.448000000000000200, -0.4020000000000000200, 0.0000000000000000000 ) ) ;
#1489 = CARTESIAN_POINT ( 'NONE',  ( 0.3479999999999999800, -0.6600000000000000300, 0.0000000000000000000 ) ) ;
#1490 = ORIENTED_EDGE ( 'NONE', *, *, #171, .F. ) ;
#1491 = DIRECTION ( 'NONE',  ( 0.0000000000000000000, -0.0000000000000000000, -1.000000000000000000 ) ) ;
#1492 = CARTESIAN_POINT ( 'NONE',  ( 0.1520000000000000000, -1.194000000000000000, 0.05099999999999999700 ) ) ;
#1493 =( NAMED_UNIT ( * ) SI_UNIT ( $, .STERADIAN. ) SOLID_ANGLE_UNIT ( ) );
#1494 = EDGE_CURVE ( 'NONE', #2587, #2008, #1687, .T. ) ;
#1495 = SURFACE_STYLE_USAGE ( .BOTH. , #285 ) ;
#1496 = CIRCLE ( 'NONE', #1273, 0.06477000000000002200 ) ;
#1497 = LINE ( 'NONE', #1845, #2440 ) ;
#1498 = ORIENTED_EDGE ( 'NONE', *, *, #1611, .T. ) ;
#1499 = VECTOR ( 'NONE', #530, 1000.000000000000000 ) ;
#1500 = DIRECTION ( 'NONE',  ( -0.0000000000000000000, 0.0000000000000000000, -1.000000000000000000 ) ) ;
#1501 = DIRECTION ( 'NONE',  ( 0.0000000000000000000, 0.0000000000000000000, -1.000000000000000000 ) ) ;
#1502 = CARTESIAN_POINT ( 'NONE',  ( -1.448000000000000200, 0.9030000000000000200, 0.0000000000000000000 ) ) ;
#1503 = DIRECTION ( 'NONE',  ( 0.0000000000000000000, -0.0000000000000000000, 1.000000000000000000 ) ) ;
#1504 = ORIENTED_EDGE ( 'NONE', *, *, #2527, .F. ) ;
#1505 = ORIENTED_EDGE ( 'NONE', *, *, #2197, .F. ) ;
#1506 = UNCERTAINTY_MEASURE_WITH_UNIT (LENGTH_MEASURE( 1.000000000000000100E-005 ), #2563, 'distance_accuracy_value', 'NONE');
#1507 = CARTESIAN_POINT ( 'NONE',  ( -1.448000000000000200, -0.9030000000000000200, 0.0000000000000000000 ) ) ;
#1508 = VERTEX_POINT ( 'NONE', #591 ) ;
#1509 = ORIENTED_EDGE ( 'NONE', *, *, #2554, .T. ) ;
#1510 = ADVANCED_FACE ( 'NONE', ( #2228 ), #476, .T. ) ;
#1511 = LINE ( 'NONE', #1888, #1783 ) ;
#1512 = VERTEX_POINT ( 'NONE', #604 ) ;
#1513 = VERTEX_POINT ( 'NONE', #667 ) ;
#1514 = EDGE_CURVE ( 'NONE', #2221, #1774, #1628, .T. ) ;
#1515 = CARTESIAN_POINT ( 'NONE',  ( 0.6530000000000000200, -0.6600000000000000300, 0.05099999999999999700 ) ) ;
#1516 = CARTESIAN_POINT ( 'NONE',  ( 1.448000000000000200, 0.09800000000000000400, 0.0000000000000000000 ) ) ;
#1517 = DIRECTION ( 'NONE',  ( 0.0000000000000000000, -0.0000000000000000000, 1.000000000000000000 ) ) ;
#1518 = VECTOR ( 'NONE', #1344, 1000.000000000000000 ) ;
#1519 = LINE ( 'NONE', #1683, #1576 ) ;
#1520 = EDGE_LOOP ( 'NONE', ( #1318, #2253, #2319, #462 ) ) ;
#1521 = PLANE ( 'NONE',  #1898 ) ;
#1522 = PLANE ( 'NONE',  #432 ) ;
#1523 = VERTEX_POINT ( 'NONE', #697 ) ;
#1524 = AXIS2_PLACEMENT_3D ( 'NONE', #2147, #2345, #2540 ) ;
#1525 = CARTESIAN_POINT ( 'NONE',  ( -1.240000000000000000, 0.7500000000000000000, 1.397000000000000000 ) ) ;
#1526 = ADVANCED_FACE ( '$', ( #2171 ), #836, .F. ) ;
#1527 = EDGE_CURVE ( 'NONE', #2426, #721, #616, .T. ) ;
#1528 = MECHANICAL_DESIGN_GEOMETRIC_PRESENTATION_REPRESENTATION (  '', ( #1258 ), #1656 ) ;
#1529 = CARTESIAN_POINT ( 'NONE',  ( -0.1520000000000000000, -1.194000000000000000, 0.05099999999999999700 ) ) ;
#1530 = VECTOR ( 'NONE', #1796, 1000.000000000000000 ) ;
#1531 = DIRECTION ( 'NONE',  ( -1.000000000000000000, 0.0000000000000000000, 0.0000000000000000000 ) ) ;
#1532 = LINE ( 'NONE', #2093, #449 ) ;
#1533 = ADVANCED_FACE ( 'NONE', ( #1037 ), #1040, .T. ) ;
#1534 = FACE_OUTER_BOUND ( 'NONE', #1196, .T. ) ;
#1535 = ORIENTED_EDGE ( 'NONE', *, *, #1118, .F. ) ;
#1536 = ORIENTED_EDGE ( 'NONE', *, *, #1439, .T. ) ;
#1537 = EDGE_LOOP ( 'NONE', ( #427, #1657, #1684, #2368 ) ) ;
#1538 = PLANE ( 'NONE',  #1860 ) ;
#1539 = VERTEX_POINT ( 'NONE', #2415 ) ;
#1540 = ORIENTED_EDGE ( 'NONE', *, *, #1362, .F. ) ;
#1541 = PLANE ( 'NONE',  #1875 ) ;
#1542 = DIRECTION ( 'NONE',  ( 0.0000000000000000000, 1.000000000000000000, -0.0000000000000000000 ) ) ;
#1543 = CARTESIAN_POINT ( 'NONE',  ( 0.9140000000000001500, -0.9030000000000000200, 0.05099999999999999700 ) ) ;
#1544 = ORIENTED_EDGE ( 'NONE', *, *, #1475, .F. ) ;
#1545 = FACE_OUTER_BOUND ( 'NONE', #872, .T. ) ;
#1546 = VECTOR ( 'NONE', #490, 1000.000000000000000 ) ;
#1547 = EDGE_CURVE ( 'NONE', #2576, #2426, #2104, .T. ) ;
#1548 = DIRECTION ( 'NONE',  ( 0.0000000000000000000, 0.0000000000000000000, 1.000000000000000000 ) ) ;
#1549 = DIRECTION ( 'NONE',  ( -0.0000000000000000000, 0.0000000000000000000, -1.000000000000000000 ) ) ;
#1550 = ADVANCED_FACE ( 'NONE', ( #494 ), #1261, .T. ) ;
#1551 = CARTESIAN_POINT ( 'NONE',  ( -1.448000000000000200, -0.5979999999999999800, 0.05099999999999999700 ) ) ;
#1552 = AXIS2_PLACEMENT_3D ( 'NONE', #579, #790, #1988 ) ;
#1553 =( GEOMETRIC_REPRESENTATION_CONTEXT ( 3 ) GLOBAL_UNCERTAINTY_ASSIGNED_CONTEXT ( ( #172 ) ) GLOBAL_UNIT_ASSIGNED_CONTEXT ( ( #2181, #376, #1782 ) ) REPRESENTATION_CONTEXT ( 'NONE', 'WORKASPACE' ) );
#1554 = MANIFOLD_SOLID_BREP ( '$', #1473 ) ;
#1555 = DIRECTION ( 'NONE',  ( 1.000000000000000000, -0.0000000000000000000, 0.0000000000000000000 ) ) ;
#1556 = VECTOR ( 'NONE', #603, 1000.000000000000000 ) ;
#1557 = DIRECTION ( 'NONE',  ( 1.000000000000000000, 0.0000000000000000000, -0.0000000000000000000 ) ) ;
#1558 = ADVANCED_FACE ( 'NONE', ( #1096 ), #1652, .T. ) ;
#1559 = VECTOR ( 'NONE', #1213, 1000.000000000000000 ) ;
#1560 = EDGE_CURVE ( 'NONE', #1983, #1034, #1316, .T. ) ;
#1561 = SURFACE_STYLE_FILL_AREA ( #2158 ) ;
#1562 = EDGE_LOOP ( 'NONE', ( #1430, #2483, #1097, #184 ) ) ;
#1563 = CIRCLE ( 'NONE', #927, 0.06477000000000002200 ) ;
#1564 = ORIENTED_EDGE ( 'NONE', *, *, #1593, .T. ) ;
#1565 = AXIS2_PLACEMENT_3D ( 'NONE', #372, #2608, #48 ) ;
#1566 = VECTOR ( 'NONE', #133, 1000.000000000000000 ) ;
#1567 = FILL_AREA_STYLE ('',( #351 ) ) ;
#1568 = ORIENTED_EDGE ( 'NONE', *, *, #867, .F. ) ;
#1569 = ORIENTED_EDGE ( 'NONE', *, *, #128, .T. ) ;
#1570 = ORIENTED_EDGE ( 'NONE', *, *, #1011, .T. ) ;
#1571 = DIRECTION ( 'NONE',  ( 0.0000000000000000000, 1.000000000000000000, -0.0000000000000000000 ) ) ;
#1572 = VECTOR ( 'NONE', #2078, 1000.000000000000000 ) ;
#1573 = EDGE_LOOP ( 'NONE', ( #2394, #548, #1887, #1747 ) ) ;
#1574 = ADVANCED_FACE ( 'NONE', ( #791 ), #1686, .T. ) ;
#1575 = VECTOR ( 'NONE', #741, 1000.000000000000000 ) ;
#1576 = VECTOR ( 'NONE', #1823, 1000.000000000000000 ) ;
#1577 = VERTEX_POINT ( 'NONE', #2022 ) ;
#1578 = ORIENTED_EDGE ( 'NONE', *, *, #2468, .F. ) ;
#1579 = DIRECTION ( 'NONE',  ( 0.0000000000000000000, -1.000000000000000000, 0.0000000000000000000 ) ) ;
#1580 = EDGE_CURVE ( 'NONE', #1168, #1654, #1511, .T. ) ;
#1581 = ORIENTED_EDGE ( 'NONE', *, *, #1172, .F. ) ;
#1582 = EDGE_CURVE ( 'NONE', #54, #2221, #247, .T. ) ;
#1583 = LINE ( 'NONE', #292, #1546 ) ;
#1584 = CARTESIAN_POINT ( 'NONE',  ( -1.448000000000000200, 0.5979999999999999800, 0.0000000000000000000 ) ) ;
#1585 = CARTESIAN_POINT ( 'NONE',  ( -1.448000000000000200, -0.5979999999999999800, 0.0000000000000000000 ) ) ;
#1586 = UNCERTAINTY_MEASURE_WITH_UNIT (LENGTH_MEASURE( 1.000000000000000100E-005 ), #1325, 'distance_accuracy_value', 'NONE');
#1587 = ADVANCED_FACE ( 'NONE', ( #176 ), #2073, .T. ) ;
#1588 = CARTESIAN_POINT ( 'NONE',  ( 0.0000000000000000000, 0.0000000000000000000, 0.0000000000000000000 ) ) ;
#1589 = DIRECTION ( 'NONE',  ( 0.0000000000000000000, -1.000000000000000000, 0.0000000000000000000 ) ) ;
#1590 = PLANE ( 'NONE',  #1822 ) ;
#1591 = SURFACE_STYLE_FILL_AREA ( #1206 ) ;
#1592 = FACE_OUTER_BOUND ( 'NONE', #1384, .T. ) ;
#1593 = EDGE_CURVE ( 'NONE', #619, #2445, #2264, .T. ) ;
#1594 = PLANE ( 'NONE',  #2 ) ;
#1595 = VECTOR ( 'NONE', #1231, 1000.000000000000000 ) ;
#1596 = ORIENTED_EDGE ( 'NONE', *, *, #1996, .F. ) ;
#1597 = AXIS2_PLACEMENT_3D ( 'NONE', #1048, #2462, #44 ) ;
#1598 = ORIENTED_EDGE ( 'NONE', *, *, #577, .T. ) ;
#1599 = VERTEX_POINT ( 'NONE', #2430 ) ;
#1600 = DIRECTION ( 'NONE',  ( 0.0000000000000000000, 0.0000000000000000000, 1.000000000000000000 ) ) ;
#1601 = CARTESIAN_POINT ( 'NONE',  ( -0.6530000000000000200, -1.194000000000000000, 0.05099999999999999700 ) ) ;
#1602 = ORIENTED_EDGE ( 'NONE', *, *, #1894, .T. ) ;
#1603 = ORIENTED_EDGE ( 'NONE', *, *, #867, .T. ) ;
#1604 = PRESENTATION_STYLE_ASSIGNMENT (( #1495 ) ) ;
#1605 = DIRECTION ( 'NONE',  ( 0.0000000000000000000, 1.000000000000000000, 0.0000000000000000000 ) ) ;
#1606 = SURFACE_STYLE_FILL_AREA ( #2134 ) ;
#1607 = EDGE_LOOP ( 'NONE', ( #2544, #459, #1216, #1632 ) ) ;
#1608 = LINE ( 'NONE', #2363, #1139 ) ;
#1609 = CARTESIAN_POINT ( 'NONE',  ( -1.448000000000000200, 0.5979999999999999800, 0.0000000000000000000 ) ) ;
#1610 = CARTESIAN_POINT ( 'NONE',  ( -0.6530000000000000200, -0.6600000000000000300, 0.0000000000000000000 ) ) ;
#1611 = EDGE_CURVE ( 'NONE', #523, #390, #720, .T. ) ;
#1612 = AXIS2_PLACEMENT_3D ( 'NONE', #623, #2240, #1233 ) ;
#1613 = CARTESIAN_POINT ( 'NONE',  ( 0.9140000000000001500, 0.4020000000000000200, 0.0000000000000000000 ) ) ;
#1614 = CARTESIAN_POINT ( 'NONE',  ( 0.6530000000000000200, -1.194000000000000000, 0.05099999999999999700 ) ) ;
#1615 = AXIS2_PLACEMENT_3D ( 'NONE', #2450, #308, #130 ) ;
#1616 = EDGE_LOOP ( 'NONE', ( #1490, #1341, #1416, #1388 ) ) ;
#1617 = FACE_OUTER_BOUND ( 'NONE', #1905, .T. ) ;
#1618 = VERTEX_POINT ( 'NONE', #2259 ) ;
#1619 = PLANE ( 'NONE',  #566 ) ;
#1620 = ORIENTED_EDGE ( 'NONE', *, *, #1021, .F. ) ;
#1621 = EDGE_CURVE ( 'NONE', #1967, #1064, #1715, .T. ) ;
#1622 = ORIENTED_EDGE ( 'NONE', *, *, #2251, .T. ) ;
#1623 = SURFACE_STYLE_FILL_AREA ( #933 ) ;
#1624 = VERTEX_POINT ( 'NONE', #2481 ) ;
#1625 = ORIENTED_EDGE ( 'NONE', *, *, #1265, .T. ) ;
#1626 = MANIFOLD_SOLID_BREP ( 'Imported8', #850 ) ;
#1627 = AXIS2_PLACEMENT_3D ( 'NONE', #2533, #2528, #1117 ) ;
#1628 = LINE ( 'NONE', #631, #30 ) ;
#1629 = VERTEX_POINT ( 'NONE', #2471 ) ;
#1630 = PLANE ( 'NONE',  #806 ) ;
#1631 = FACE_OUTER_BOUND ( 'NONE', #1573, .T. ) ;
#1632 = ORIENTED_EDGE ( 'NONE', *, *, #1376, .T. ) ;
#1633 = CARTESIAN_POINT ( 'NONE',  ( -0.1520000000000000000, -0.6600000000000000300, 0.05099999999999999700 ) ) ;
#1634 = CARTESIAN_POINT ( 'NONE',  ( -0.9140000000000001500, 0.09800000000000000400, 0.0000000000000000000 ) ) ;
#1635 = DIRECTION ( 'NONE',  ( -1.000000000000000000, 0.0000000000000000000, 0.0000000000000000000 ) ) ;
#1636 = EDGE_CURVE ( 'NONE', #1779, #1379, #1725, .T. ) ;
#1637 = CARTESIAN_POINT ( 'NONE',  ( -1.448000000000000200, -0.09800000000000000400, 0.0000000000000000000 ) ) ;
#1638 = AXIS2_PLACEMENT_3D ( 'NONE', #1202, #9, #2274 ) ;
#1639 = DIRECTION ( 'NONE',  ( -1.000000000000000000, 0.0000000000000000000, -0.0000000000000000000 ) ) ;
#1640 = VECTOR ( 'NONE', #1886, 1000.000000000000000 ) ;
#1641 = PLANE ( 'NONE',  #1727 ) ;
#1642 = DIRECTION ( 'NONE',  ( 0.0000000000000000000, 1.000000000000000000, 0.0000000000000000000 ) ) ;
#1643 = DIRECTION ( 'NONE',  ( -1.000000000000000000, -0.0000000000000000000, -0.0000000000000000000 ) ) ;
#1644 = PLANE ( 'NONE',  #2064 ) ;
#1645 = ORIENTED_EDGE ( 'NONE', *, *, #1837, .T. ) ;
#1646 = LINE ( 'NONE', #201, #780 ) ;
#1647 = LINE ( 'NONE', #1394, #51 ) ;
#1648 = ORIENTED_EDGE ( 'NONE', *, *, #1718, .T. ) ;
#1649 = EDGE_CURVE ( 'NONE', #523, #1064, #183, .T. ) ;
#1650 = DIRECTION ( 'NONE',  ( 0.0000000000000000000, 1.000000000000000000, 0.0000000000000000000 ) ) ;
#1651 = DIRECTION ( 'NONE',  ( 0.0000000000000000000, 0.0000000000000000000, -1.000000000000000000 ) ) ;
#1652 = PLANE ( 'NONE',  #444 ) ;
#1653 = EDGE_LOOP ( 'NONE', ( #628, #2580, #87, #1417 ) ) ;
#1654 = VERTEX_POINT ( 'NONE', #1360 ) ;
#1655 = CARTESIAN_POINT ( 'NONE',  ( -0.6530000000000000200, -1.194000000000000000, 0.0000000000000000000 ) ) ;
#1656 =( GEOMETRIC_REPRESENTATION_CONTEXT ( 3 ) GLOBAL_UNCERTAINTY_ASSIGNED_CONTEXT ( ( #2163 ) ) GLOBAL_UNIT_ASSIGNED_CONTEXT ( ( #2061, #658, #1856 ) ) REPRESENTATION_CONTEXT ( 'NONE', 'WORKASPACE' ) );
#1657 = ORIENTED_EDGE ( 'NONE', *, *, #171, .T. ) ;
#1658 = ORIENTED_EDGE ( 'NONE', *, *, #1764, .T. ) ;
#1659 = LINE ( 'NONE', #2518, #1197 ) ;
#1660 = VECTOR ( 'NONE', #1899, 1000.000000000000000 ) ;
#1661 = ORIENTED_EDGE ( 'NONE', *, *, #1429, .T. ) ;
#1662 = ORIENTED_EDGE ( 'NONE', *, *, #61, .F. ) ;
#1663 = CARTESIAN_POINT ( 'NONE',  ( -1.448000000000000200, 0.09800000000000000400, 0.05099999999999999700 ) ) ;
#1664 = LINE ( 'NONE', #425, #593 ) ;
#1665 = DIRECTION ( 'NONE',  ( 1.000000000000000000, 0.0000000000000000000, -0.0000000000000000000 ) ) ;
#1666 = CARTESIAN_POINT ( 'NONE',  ( -0.9140000000000001500, -0.09800000000000000400, 0.0000000000000000000 ) ) ;
#1667 = SURFACE_SIDE_STYLE ('',( #2582 ) ) ;
#1668 = DIRECTION ( 'NONE',  ( 0.0000000000000000000, -0.0000000000000000000, -1.000000000000000000 ) ) ;
#1669 = DIRECTION ( 'NONE',  ( -0.0000000000000000000, 0.0000000000000000000, -1.000000000000000000 ) ) ;
#1670 = DIRECTION ( 'NONE',  ( -0.0000000000000000000, 0.0000000000000000000, 1.000000000000000000 ) ) ;
#1671 = EDGE_CURVE ( 'NONE', #1350, #2135, #2272, .T. ) ;
#1672 = LINE ( 'NONE', #7, #1559 ) ;
#1673 = CARTESIAN_POINT ( 'NONE',  ( 0.9140000000000001500, -0.9030000000000000200, 0.05099999999999999700 ) ) ;
#1674 = DIRECTION ( 'NONE',  ( 0.0000000000000000000, 0.0000000000000000000, -1.000000000000000000 ) ) ;
#1675 = FILL_AREA_STYLE ('',( #639 ) ) ;
#1676 = LINE ( 'NONE', #131, #80 ) ;
#1677 = DIRECTION ( 'NONE',  ( 1.000000000000000000, 0.0000000000000000000, -0.0000000000000000000 ) ) ;
#1678 = ORIENTED_EDGE ( 'NONE', *, *, #676, .T. ) ;
#1679 = ORIENTED_EDGE ( 'NONE', *, *, #991, .T. ) ;
#1680 = ORIENTED_EDGE ( 'NONE', *, *, #968, .T. ) ;
#1681 = CLOSED_SHELL ( 'NONE', ( #2124, #709, #135, #1558, #2589, #981 ) ) ;
#1682 = EDGE_CURVE ( 'NONE', #58, #913, #1664, .T. ) ;
#1683 = CARTESIAN_POINT ( 'NONE',  ( -0.3479999999999999800, 1.194000000000000000, 0.05099999999999999700 ) ) ;
#1684 = ORIENTED_EDGE ( 'NONE', *, *, #485, .F. ) ;
#1685 = CARTESIAN_POINT ( 'NONE',  ( -0.9140000000000001500, 0.4020000000000000200, 0.0000000000000000000 ) ) ;
#1686 = PLANE ( 'NONE',  #727 ) ;
#1687 = LINE ( 'NONE', #447, #91 ) ;
#1688 = VERTEX_POINT ( 'NONE', #783 ) ;
#1689 = LINE ( 'NONE', #2354, #1566 ) ;
#1690 = FACE_OUTER_BOUND ( 'NONE', #1984, .T. ) ;
#1691 = CLOSED_SHELL ( 'NONE', ( #919, #696, #2367, #1526 ) ) ;
#1692 = AXIS2_PLACEMENT_3D ( 'NONE', #1743, #2561, #949 ) ;
#1693 = ORIENTED_EDGE ( 'NONE', *, *, #939, .T. ) ;
#1694 = DIRECTION ( 'NONE',  ( 0.0000000000000000000, 1.000000000000000000, -0.0000000000000000000 ) ) ;
#1695 = DIRECTION ( 'NONE',  ( 0.0000000000000000000, -1.000000000000000000, 0.0000000000000000000 ) ) ;
#1696 = ADVANCED_FACE ( 'NONE', ( #66 ), #1166, .T. ) ;
#1697 = CARTESIAN_POINT ( 'NONE',  ( 0.9140000000000001500, -0.4020000000000000200, 0.0000000000000000000 ) ) ;
#1698 = DIRECTION ( 'NONE',  ( -0.0000000000000000000, -1.000000000000000000, -0.0000000000000000000 ) ) ;
#1699 = PLANE ( 'NONE',  #629 ) ;
#1700 = EDGE_CURVE ( 'NONE', #1131, #2045, #1608, .T. ) ;
#1701 = EDGE_CURVE ( 'NONE', #2576, #2365, #2201, .T. ) ;
#1702 = CARTESIAN_POINT ( 'NONE',  ( -0.9140000000000001500, -0.4020000000000000200, 0.0000000000000000000 ) ) ;
#1703 = ADVANCED_FACE ( 'NONE', ( #2075 ), #1173, .T. ) ;
#1704 = AXIS2_PLACEMENT_3D ( 'NONE', #865, #907, #1007 ) ;
#1705 = SHAPE_DEFINITION_REPRESENTATION ( #1724, #2323 ) ;
#1706 = LINE ( 'NONE', #1220, #637 ) ;
#1707 = ORIENTED_EDGE ( 'NONE', *, *, #1820, .F. ) ;
#1708 = CARTESIAN_POINT ( 'NONE',  ( -0.9140000000000001500, 0.09800000000000000400, 0.0000000000000000000 ) ) ;
#1709 = DIRECTION ( 'NONE',  ( 1.000000000000000000, 0.0000000000000000000, 0.0000000000000000000 ) ) ;
#1710 = VECTOR ( 'NONE', #60, 1000.000000000000000 ) ;
#1711 = ORIENTED_EDGE ( 'NONE', *, *, #902, .T. ) ;
#1712 = CARTESIAN_POINT ( 'NONE',  ( -0.3479999999999999800, 0.6600000000000000300, 0.0000000000000000000 ) ) ;
#1713 = ORIENTED_EDGE ( 'NONE', *, *, #352, .F. ) ;
#1714 = ORIENTED_EDGE ( 'NONE', *, *, #2435, .F. ) ;
#1715 = LINE ( 'NONE', #2096, #2195 ) ;
#1716 = ORIENTED_EDGE ( 'NONE', *, *, #1732, .T. ) ;
#1717 = ORIENTED_EDGE ( 'NONE', *, *, #594, .T. ) ;
#1718 = EDGE_CURVE ( 'NONE', #554, #419, #1067, .T. ) ;
#1719 = FILL_AREA_STYLE ('',( #118 ) ) ;
#1720 = LINE ( 'NONE', #1712, #1255 ) ;
#1721 = ADVANCED_FACE ( 'NONE', ( #1545 ), #1001, .T. ) ;
#1722 = VECTOR ( 'NONE', #2317, 1000.000000000000000 ) ;
#1723 = ORIENTED_EDGE ( 'NONE', *, *, #1985, .T. ) ;
#1724 = PRODUCT_DEFINITION_SHAPE ( 'NONE', 'NONE',  #149 ) ;
#1725 = LINE ( 'NONE', #984, #1204 ) ;
#1726 = DIRECTION ( 'NONE',  ( 0.0000000000000000000, -0.0000000000000000000, 1.000000000000000000 ) ) ;
#1727 = AXIS2_PLACEMENT_3D ( 'NONE', #863, #241, #1450 ) ;
#1728 = DIRECTION ( 'NONE',  ( 0.0000000000000000000, -0.0000000000000000000, 1.000000000000000000 ) ) ;
#1729 = CARTESIAN_POINT ( 'NONE',  ( 0.9140000000000001500, 0.9030000000000000200, 0.0000000000000000000 ) ) ;
#1730 = FILL_AREA_STYLE_COLOUR ( '', #370 ) ;
#1731 = ADVANCED_FACE ( 'NONE', ( #1014 ), #1594, .T. ) ;
#1732 = EDGE_CURVE ( 'NONE', #1508, #1137, #2014, .T. ) ;
#1733 = SURFACE_SIDE_STYLE ('',( #151 ) ) ;
#1734 = VECTOR ( 'NONE', #440, 1000.000000000000000 ) ;
#1735 =( NAMED_UNIT ( * ) PLANE_ANGLE_UNIT ( ) SI_UNIT ( $, .RADIAN. ) );
#1736 = CARTESIAN_POINT ( 'NONE',  ( 1.448000000000000200, 0.5979999999999999800, 0.05099999999999999700 ) ) ;
#1737 = SURFACE_STYLE_FILL_AREA ( #1463 ) ;
#1738 = DIRECTION ( 'NONE',  ( 1.000000000000000000, 0.0000000000000000000, -0.0000000000000000000 ) ) ;
#1739 = PRESENTATION_STYLE_ASSIGNMENT (( #76 ) ) ;
#1740 = CLOSED_SHELL ( 'NONE', ( #522, #1291, #1112, #1721, #162, #2559 ) ) ;
#1741 = ORIENTED_EDGE ( 'NONE', *, *, #902, .F. ) ;
#1742 = ORIENTED_EDGE ( 'NONE', *, *, #990, .F. ) ;
#1743 = CARTESIAN_POINT ( 'NONE',  ( -1.448000000000000200, -0.5979999999999999800, 0.0000000000000000000 ) ) ;
#1744 = DIRECTION ( 'NONE',  ( 1.000000000000000000, 0.0000000000000000000, -0.0000000000000000000 ) ) ;
#1745 = ADVANCED_FACE ( 'NONE', ( #1483 ), #374, .T. ) ;
#1746 = LINE ( 'NONE', #1797, #1155 ) ;
#1747 = ORIENTED_EDGE ( 'NONE', *, *, #493, .F. ) ;
#1748 = CARTESIAN_POINT ( 'NONE',  ( 0.6530000000000000200, -0.6600000000000000300, 0.05099999999999999700 ) ) ;
#1749 = LINE ( 'NONE', #79, #1224 ) ;
#1750 = LINE ( 'NONE', #819, #1814 ) ;
#1751 = VECTOR ( 'NONE', #818, 1000.000000000000000 ) ;
#1752 = ORIENTED_EDGE ( 'NONE', *, *, #140, .T. ) ;
#1753 = EDGE_CURVE ( 'NONE', #1779, #1444, #2552, .T. ) ;
#1754 = CARTESIAN_POINT ( 'NONE',  ( 0.3479999999999999800, -0.6600000000000000300, 0.0000000000000000000 ) ) ;
#1755 = DIRECTION ( 'NONE',  ( 1.000000000000000000, -0.0000000000000000000, 0.0000000000000000000 ) ) ;
#1756 = CARTESIAN_POINT ( 'NONE',  ( -0.3479999999999999800, 1.194000000000000000, 0.0000000000000000000 ) ) ;
#1757 = ADVANCED_FACE ( 'NONE', ( #1948 ), #954, .T. ) ;
#1758 = DIRECTION ( 'NONE',  ( -0.0000000000000000000, 0.0000000000000000000, 1.000000000000000000 ) ) ;
#1759 = PLANE ( 'NONE',  #1144 ) ;
#1760 = DIRECTION ( 'NONE',  ( -0.0000000000000000000, -1.000000000000000000, -0.0000000000000000000 ) ) ;
#1761 = DIRECTION ( 'NONE',  ( -1.000000000000000000, 0.0000000000000000000, -0.0000000000000000000 ) ) ;
#1762 = UNCERTAINTY_MEASURE_WITH_UNIT (LENGTH_MEASURE( 1.000000000000000100E-005 ), #534, 'distance_accuracy_value', 'NONE');
#1763 = VERTEX_POINT ( 'NONE', #2612 ) ;
#1764 = EDGE_CURVE ( 'NONE', #2449, #2135, #399, .T. ) ;
#1765 = VECTOR ( 'NONE', #2373, 1000.000000000000000 ) ;
#1766 = DIRECTION ( 'NONE',  ( -0.0000000000000000000, 0.0000000000000000000, -1.000000000000000000 ) ) ;
#1767 = CARTESIAN_POINT ( 'NONE',  ( 0.1520000000000000000, 0.6600000000000000300, 0.0000000000000000000 ) ) ;
#1768 = ADVANCED_FACE ( 'NONE', ( #2488 ), #411, .T. ) ;
#1769 = FACE_OUTER_BOUND ( 'NONE', #2004, .T. ) ;
#1770 = ORIENTED_EDGE ( 'NONE', *, *, #1978, .T. ) ;
#1771 = VECTOR ( 'NONE', #1008, 1000.000000000000000 ) ;
#1772 = CARTESIAN_POINT ( 'NONE',  ( -0.1520000000000000000, 1.194000000000000000, 0.0000000000000000000 ) ) ;
#1773 = LINE ( 'NONE', #1585, #114 ) ;
#1774 = VERTEX_POINT ( 'NONE', #2420 ) ;
#1775 = DIRECTION ( 'NONE',  ( -0.0000000000000000000, 0.0000000000000000000, 1.000000000000000000 ) ) ;
#1776 = AXIS2_PLACEMENT_3D ( 'NONE', #1529, #110, #121 ) ;
#1777 = VECTOR ( 'NONE', #740, 1000.000000000000000 ) ;
#1778 = VERTEX_POINT ( 'NONE', #659 ) ;
#1779 = VERTEX_POINT ( 'NONE', #832 ) ;
#1780 = DIRECTION ( 'NONE',  ( 0.0000000000000000000, 1.000000000000000000, 0.0000000000000000000 ) ) ;
#1781 = CARTESIAN_POINT ( 'NONE',  ( 0.3479999999999999800, 0.6600000000000000300, 0.0000000000000000000 ) ) ;
#1782 =( NAMED_UNIT ( * ) SI_UNIT ( $, .STERADIAN. ) SOLID_ANGLE_UNIT ( ) );
#1783 = VECTOR ( 'NONE', #1698, 1000.000000000000000 ) ;
#1784 = EDGE_LOOP ( 'NONE', ( #2038, #2517, #2042, #344 ) ) ;
#1785 = ORIENTED_EDGE ( 'NONE', *, *, #2243, .F. ) ;
#1786 = ORIENTED_EDGE ( 'NONE', *, *, #2468, .T. ) ;
#1787 = PLANE ( 'NONE',  #1268 ) ;
#1788 = DIRECTION ( 'NONE',  ( -0.0000000000000000000, -0.0000000000000000000, -1.000000000000000000 ) ) ;
#1789 = EDGE_CURVE ( 'NONE', #2329, #1031, #1425, .T. ) ;
#1790 = DIRECTION ( 'NONE',  ( -1.000000000000000000, 0.0000000000000000000, 0.0000000000000000000 ) ) ;
#1791 = VECTOR ( 'NONE', #1902, 1000.000000000000000 ) ;
#1792 = DIRECTION ( 'NONE',  ( 1.000000000000000000, 0.0000000000000000000, 0.0000000000000000000 ) ) ;
#1793 = PLANE ( 'NONE',  #1015 ) ;
#1794 = AXIS2_PLACEMENT_3D ( 'NONE', #2266, #1780, #1951 ) ;
#1795 = CARTESIAN_POINT ( 'NONE',  ( 0.6530000000000000200, -1.194000000000000000, 0.05099999999999999700 ) ) ;
#1796 = DIRECTION ( 'NONE',  ( 0.0000000000000000000, 1.000000000000000000, 0.0000000000000000000 ) ) ;
#1797 = CARTESIAN_POINT ( 'NONE',  ( -0.9140000000000001500, -0.5979999999999999800, 0.0000000000000000000 ) ) ;
#1798 = DIRECTION ( 'NONE',  ( -0.0000000000000000000, -1.000000000000000000, -0.0000000000000000000 ) ) ;
#1799 = DIRECTION ( 'NONE',  ( 0.0000000000000000000, -0.0000000000000000000, 1.000000000000000000 ) ) ;
#1800 = FACE_OUTER_BOUND ( 'NONE', #944, .T. ) ;
#1801 = EDGE_CURVE ( 'NONE', #1064, #1307, #1885, .T. ) ;
#1802 = VECTOR ( 'NONE', #2082, 1000.000000000000000 ) ;
#1803 = ORIENTED_EDGE ( 'NONE', *, *, #1281, .F. ) ;
#1804 = AXIS2_PLACEMENT_3D ( 'NONE', #1177, #2386, #979 ) ;
#1805 = ORIENTED_EDGE ( 'NONE', *, *, #2197, .T. ) ;
#1806 = ORIENTED_EDGE ( 'NONE', *, *, #318, .T. ) ;
#1807 = CARTESIAN_POINT ( 'NONE',  ( -0.3479999999999999800, -0.6600000000000000300, 0.0000000000000000000 ) ) ;
#1808 = CARTESIAN_POINT ( 'NONE',  ( 1.448000000000000200, 0.09800000000000000400, 0.05099999999999999700 ) ) ;
#1809 = DIRECTION ( 'NONE',  ( 1.000000000000000000, 0.0000000000000000000, -0.0000000000000000000 ) ) ;
#1810 = EDGE_LOOP ( 'NONE', ( #205, #1505, #2138, #2384 ) ) ;
#1811 = ORIENTED_EDGE ( 'NONE', *, *, #1443, .F. ) ;
#1812 = STYLED_ITEM ( 'NONE', ( #2056 ), #2323 ) ;
#1813 = LINE ( 'NONE', #47, #211 ) ;
#1814 = VECTOR ( 'NONE', #1297, 1000.000000000000000 ) ;
#1815 = FILL_AREA_STYLE_COLOUR ( '', #2297 ) ;
#1816 = LINE ( 'NONE', #1748, #560 ) ;
#1817 = VECTOR ( 'NONE', #1047, 1000.000000000000000 ) ;
#1818 = EDGE_LOOP ( 'NONE', ( #303, #1976, #1714, #2331 ) ) ;
#1819 = CARTESIAN_POINT ( 'NONE',  ( 0.1520000000000000000, -1.194000000000000000, 0.0000000000000000000 ) ) ;
#1820 = EDGE_CURVE ( 'NONE', #1034, #1618, #2425, .T. ) ;
#1821 = CARTESIAN_POINT ( 'NONE',  ( -0.6530000000000000200, -0.6600000000000000300, 0.05099999999999999700 ) ) ;
#1822 = AXIS2_PLACEMENT_3D ( 'NONE', #1214, #1428, #2416 ) ;
#1823 = DIRECTION ( 'NONE',  ( 1.000000000000000000, 0.0000000000000000000, -0.0000000000000000000 ) ) ;
#1824 = DIRECTION ( 'NONE',  ( 0.0000000000000000000, -0.0000000000000000000, 1.000000000000000000 ) ) ;
#1825 = CARTESIAN_POINT ( 'NONE',  ( 0.3479999999999999800, -1.194000000000000000, 0.05099999999999999700 ) ) ;
#1826 = VECTOR ( 'NONE', #1755, 1000.000000000000000 ) ;
#1827 = EDGE_CURVE ( 'NONE', #361, #1629, #828, .T. ) ;
#1828 = DIRECTION ( 'NONE',  ( 1.000000000000000000, 0.0000000000000000000, -0.0000000000000000000 ) ) ;
#1829 = CARTESIAN_POINT ( 'NONE',  ( -0.6530000000000000200, 0.6600000000000000300, 0.0000000000000000000 ) ) ;
#1830 = FACE_OUTER_BOUND ( 'NONE', #457, .T. ) ;
#1831 = CARTESIAN_POINT ( 'NONE',  ( -0.9140000000000001500, 0.9030000000000000200, 0.0000000000000000000 ) ) ;
#1832 = VERTEX_POINT ( 'NONE', #1236 ) ;
#1833 = FACE_OUTER_BOUND ( 'NONE', #1288, .T. ) ;
#1834 = DIRECTION ( 'NONE',  ( 0.0000000000000000000, 0.0000000000000000000, 1.000000000000000000 ) ) ;
#1835 = VECTOR ( 'NONE', #1670, 1000.000000000000000 ) ;
#1836 = VERTEX_POINT ( 'NONE', #2235 ) ;
#1837 = EDGE_CURVE ( 'NONE', #56, #1968, #219, .T. ) ;
#1838 = FACE_OUTER_BOUND ( 'NONE', #132, .T. ) ;
#1839 = ORIENTED_EDGE ( 'NONE', *, *, #1209, .T. ) ;
#1840 = EDGE_LOOP ( 'NONE', ( #908, #528, #615, #1805 ) ) ;
#1841 = VECTOR ( 'NONE', #2053, 1000.000000000000000 ) ;
#1842 = ORIENTED_EDGE ( 'NONE', *, *, #955, .T. ) ;
#1843 = CARTESIAN_POINT ( 'NONE',  ( -0.9140000000000001500, -0.9030000000000000200, 0.0000000000000000000 ) ) ;
#1844 = VERTEX_POINT ( 'NONE', #405 ) ;
#1845 = CARTESIAN_POINT ( 'NONE',  ( 0.9140000000000001500, 0.4020000000000000200, 0.0000000000000000000 ) ) ;
#1846 = CARTESIAN_POINT ( 'NONE',  ( -0.6530000000000000200, -0.6600000000000000300, 0.0000000000000000000 ) ) ;
#1847 = DIRECTION ( 'NONE',  ( 0.0000000000000000000, 1.000000000000000000, 0.0000000000000000000 ) ) ;
#1848 = CARTESIAN_POINT ( 'NONE',  ( 0.9140000000000001500, 0.9030000000000000200, 0.0000000000000000000 ) ) ;
#1849 = UNCERTAINTY_MEASURE_WITH_UNIT (LENGTH_MEASURE( 1.000000000000000100E-005 ), #2599, 'distance_accuracy_value', 'NONE');
#1850 = LINE ( 'NONE', #1179, #2369 ) ;
#1851 =( NAMED_UNIT ( * ) SI_UNIT ( $, .STERADIAN. ) SOLID_ANGLE_UNIT ( ) );
#1852 = DIRECTION ( 'NONE',  ( -0.0000000000000000000, -1.000000000000000000, -0.0000000000000000000 ) ) ;
#1853 = ORIENTED_EDGE ( 'NONE', *, *, #1801, .F. ) ;
#1854 = DIRECTION ( 'NONE',  ( 0.0000000000000000000, 0.0000000000000000000, 1.000000000000000000 ) ) ;
#1855 = EDGE_CURVE ( 'NONE', #451, #1003, #947, .T. ) ;
#1856 =( NAMED_UNIT ( * ) SI_UNIT ( $, .STERADIAN. ) SOLID_ANGLE_UNIT ( ) );
#1857 = ORIENTED_EDGE ( 'NONE', *, *, #1413, .F. ) ;
#1858 = DIRECTION ( 'NONE',  ( 0.0000000000000000000, 0.0000000000000000000, 1.000000000000000000 ) ) ;
#1859 = VECTOR ( 'NONE', #2210, 1000.000000000000000 ) ;
#1860 = AXIS2_PLACEMENT_3D ( 'NONE', #1729, #1930, #739 ) ;
#1861 = PLANE ( 'NONE',  #1156 ) ;
#1862 = DIRECTION ( 'NONE',  ( 0.0000000000000000000, -0.0000000000000000000, 1.000000000000000000 ) ) ;
#1863 = DIRECTION ( 'NONE',  ( 1.000000000000000000, 0.0000000000000000000, -0.0000000000000000000 ) ) ;
#1864 = DIRECTION ( 'NONE',  ( 0.0000000000000000000, -0.0000000000000000000, 1.000000000000000000 ) ) ;
#1865 = VERTEX_POINT ( 'NONE', #1821 ) ;
#1866 = VECTOR ( 'NONE', #1600, 1000.000000000000000 ) ;
#1867 = SURFACE_STYLE_FILL_AREA ( #1719 ) ;
#1868 = LINE ( 'NONE', #1080, #1802 ) ;
#1869 = ORIENTED_EDGE ( 'NONE', *, *, #924, .F. ) ;
#1870 = EDGE_CURVE ( 'NONE', #2031, #1310, #1286, .T. ) ;
#1871 = DIRECTION ( 'NONE',  ( -1.000000000000000000, 0.0000000000000000000, -0.0000000000000000000 ) ) ;
#1872 = DIRECTION ( 'NONE',  ( -1.000000000000000000, 0.0000000000000000000, 0.0000000000000000000 ) ) ;
#1873 = ORIENTED_EDGE ( 'NONE', *, *, #676, .F. ) ;
#1874 = VERTEX_POINT ( 'NONE', #1023 ) ;
#1875 = AXIS2_PLACEMENT_3D ( 'NONE', #1634, #2072, #1260 ) ;
#1876 = ORIENTED_EDGE ( 'NONE', *, *, #1954, .F. ) ;
#1877 = ORIENTED_EDGE ( 'NONE', *, *, #1303, .T. ) ;
#1878 = VECTOR ( 'NONE', #1409, 1000.000000000000000 ) ;
#1879 = FACE_OUTER_BOUND ( 'NONE', #765, .T. ) ;
#1880 = EDGE_LOOP ( 'NONE', ( #647, #2207, #1596, #1680 ) ) ;
#1881 = AXIS2_PLACEMENT_3D ( 'NONE', #252, #683, #1073 ) ;
#1882 = CARTESIAN_POINT ( 'NONE',  ( -0.9140000000000001500, -0.09800000000000000400, 0.05099999999999999700 ) ) ;
#1883 = CARTESIAN_POINT ( 'NONE',  ( 0.6530000000000000200, 1.194000000000000000, 0.0000000000000000000 ) ) ;
#1884 = VECTOR ( 'NONE', #358, 1000.000000000000000 ) ;
#1885 = LINE ( 'NONE', #398, #1356 ) ;
#1886 = DIRECTION ( 'NONE',  ( 1.000000000000000000, 0.0000000000000000000, -0.0000000000000000000 ) ) ;
#1887 = ORIENTED_EDGE ( 'NONE', *, *, #467, .F. ) ;
#1888 = CARTESIAN_POINT ( 'NONE',  ( 0.6530000000000000200, 0.6600000000000000300, 0.05099999999999999700 ) ) ;
#1889 = LINE ( 'NONE', #1492, #1104 ) ;
#1890 = CARTESIAN_POINT ( 'NONE',  ( -0.9140000000000001500, -0.4020000000000000200, 0.05099999999999999700 ) ) ;
#1891 = DIRECTION ( 'NONE',  ( 1.000000000000000000, 0.0000000000000000000, 0.0000000000000000000 ) ) ;
#1892 = DIRECTION ( 'NONE',  ( -0.0000000000000000000, -1.000000000000000000, -0.0000000000000000000 ) ) ;
#1893 = DIRECTION ( 'NONE',  ( 0.0000000000000000000, 1.000000000000000000, 0.0000000000000000000 ) ) ;
#1894 = EDGE_CURVE ( 'NONE', #1513, #2131, #2364, .T. ) ;
#1895 = FILL_AREA_STYLE ('',( #480 ) ) ;
#1896 = ADVANCED_FACE ( 'NONE', ( #1690 ), #507, .T. ) ;
#1897 = ORIENTED_EDGE ( 'NONE', *, *, #38, .T. ) ;
#1898 = AXIS2_PLACEMENT_3D ( 'NONE', #1702, #105, #1306 ) ;
#1899 = DIRECTION ( 'NONE',  ( 0.0000000000000000000, 0.0000000000000000000, 1.000000000000000000 ) ) ;
#1900 = CARTESIAN_POINT ( 'NONE',  ( -0.1520000000000000000, -1.194000000000000000, 0.0000000000000000000 ) ) ;
#1901 = PLANE ( 'NONE',  #2460 ) ;
#1902 = DIRECTION ( 'NONE',  ( 0.0000000000000000000, 0.0000000000000000000, 1.000000000000000000 ) ) ;
#1903 = VECTOR ( 'NONE', #2245, 1000.000000000000000 ) ;
#1904 = DIRECTION ( 'NONE',  ( 0.0000000000000000000, 0.0000000000000000000, -1.000000000000000000 ) ) ;
#1905 = EDGE_LOOP ( 'NONE', ( #2246, #2611, #2040, #1357 ) ) ;
#1906 = VECTOR ( 'NONE', #2340, 1000.000000000000000 ) ;
#1907 = VECTOR ( 'NONE', #1761, 1000.000000000000000 ) ;
#1908 = ORIENTED_EDGE ( 'NONE', *, *, #627, .F. ) ;
#1909 = ORIENTED_EDGE ( 'NONE', *, *, #1126, .F. ) ;
#1910 = FACE_OUTER_BOUND ( 'NONE', #2521, .T. ) ;
#1911 = ORIENTED_EDGE ( 'NONE', *, *, #888, .T. ) ;
#1912 = EDGE_CURVE ( 'NONE', #1246, #2351, #1226, .T. ) ;
#1913 = VERTEX_POINT ( 'NONE', #2069 ) ;
#1914 = ADVANCED_FACE ( 'NONE', ( #1167 ), #649, .T. ) ;
#1915 = EDGE_LOOP ( 'NONE', ( #2125, #1217, #910, #1785 ) ) ;
#1916 = EDGE_LOOP ( 'NONE', ( #943, #123, #21, #2543 ) ) ;
#1917 = DIRECTION ( 'NONE',  ( 0.0000000000000000000, 1.000000000000000000, -0.0000000000000000000 ) ) ;
#1918 = AXIS2_PLACEMENT_3D ( 'NONE', #2054, #1872, #2012 ) ;
#1919 = FACE_OUTER_BOUND ( 'NONE', #2110, .T. ) ;
#1920 = LINE ( 'NONE', #1441, #347 ) ;
#1921 = VERTEX_POINT ( 'NONE', #1445 ) ;
#1922 = CARTESIAN_POINT ( 'NONE',  ( -1.448000000000000200, 0.5979999999999999800, 0.0000000000000000000 ) ) ;
#1923 = ADVANCED_FACE ( 'NONE', ( #1631 ), #258, .T. ) ;
#1924 = EDGE_CURVE ( 'NONE', #1055, #554, #95, .T. ) ;
#1925 = SURFACE_STYLE_USAGE ( .BOTH. , #516 ) ;
#1926 = DIRECTION ( 'NONE',  ( -0.0000000000000000000, -0.0000000000000000000, -1.000000000000000000 ) ) ;
#1927 = PLANE ( 'NONE',  #1366 ) ;
#1928 = CIRCLE ( 'NONE', #800, 0.06477000000000002200 ) ;
#1929 = DIRECTION ( 'NONE',  ( -0.0000000000000000000, 0.0000000000000000000, 1.000000000000000000 ) ) ;
#1930 = DIRECTION ( 'NONE',  ( 0.0000000000000000000, 0.0000000000000000000, -1.000000000000000000 ) ) ;
#1931 = ADVANCED_FACE ( 'NONE', ( #561 ), #289, .T. ) ;
#1932 = VECTOR ( 'NONE', #1892, 1000.000000000000000 ) ;
#1933 = ORIENTED_EDGE ( 'NONE', *, *, #352, .T. ) ;
#1934 = CARTESIAN_POINT ( 'NONE',  ( -1.448000000000000200, 0.09800000000000000400, 0.05099999999999999700 ) ) ;
#1935 = PLANE ( 'NONE',  #1524 ) ;
#1936 = DIRECTION ( 'NONE',  ( 1.000000000000000000, -0.0000000000000000000, 0.0000000000000000000 ) ) ;
#1937 = ORIENTED_EDGE ( 'NONE', *, *, #10, .F. ) ;
#1938 = ORIENTED_EDGE ( 'NONE', *, *, #774, .F. ) ;
#1939 = ORIENTED_EDGE ( 'NONE', *, *, #2418, .F. ) ;
#1940 = EDGE_LOOP ( 'NONE', ( #269, #978, #2439, #755 ) ) ;
#1941 = EDGE_CURVE ( 'NONE', #1061, #245, #152, .T. ) ;
#1942 = DIRECTION ( 'NONE',  ( 0.0000000000000000000, 0.0000000000000000000, 1.000000000000000000 ) ) ;
#1943 = CARTESIAN_POINT ( 'NONE',  ( -1.548999999999999900, -1.294999999999999900, 0.05099999999999999700 ) ) ;
#1944 = FACE_OUTER_BOUND ( 'NONE', #857, .T. ) ;
#1945 = LINE ( 'NONE', #2120, #1136 ) ;
#1946 = ORIENTED_EDGE ( 'NONE', *, *, #128, .F. ) ;
#1947 = DIRECTION ( 'NONE',  ( -0.0000000000000000000, -1.000000000000000000, -0.0000000000000000000 ) ) ;
#1948 = FACE_OUTER_BOUND ( 'NONE', #1916, .T. ) ;
#1949 = CARTESIAN_POINT ( 'NONE',  ( 0.6530000000000000200, 1.194000000000000000, 0.05099999999999999700 ) ) ;
#1950 = ADVANCED_FACE ( 'NONE', ( #34 ), #665, .T. ) ;
#1951 = DIRECTION ( 'NONE',  ( 0.0000000000000000000, -0.0000000000000000000, 1.000000000000000000 ) ) ;
#1952 = PRESENTATION_LAYER_ASSIGNMENT (  '', '', ( #1812 ) ) ;
#1953 = DIRECTION ( 'NONE',  ( -1.000000000000000000, -0.0000000000000000000, -0.0000000000000000000 ) ) ;
#1954 = EDGE_CURVE ( 'NONE', #481, #2449, #1042, .T. ) ;
#1955 =( NAMED_UNIT ( * ) PLANE_ANGLE_UNIT ( ) SI_UNIT ( $, .RADIAN. ) );
#1956 = CARTESIAN_POINT ( 'NONE',  ( 0.9140000000000001500, -0.09800000000000000400, 0.05099999999999999700 ) ) ;
#1957 = ADVANCED_FACE ( 'NONE', ( #2109 ), #1114, .T. ) ;
#1958 = STYLED_ITEM ( 'NONE', ( #1453 ), #532 ) ;
#1959 = DIRECTION ( 'NONE',  ( -1.000000000000000000, 0.0000000000000000000, 0.0000000000000000000 ) ) ;
#1960 = UNCERTAINTY_MEASURE_WITH_UNIT (LENGTH_MEASURE( 1.000000000000000100E-005 ), #2202, 'distance_accuracy_value', 'NONE');
#1961 = ORIENTED_EDGE ( 'NONE', *, *, #2282, .T. ) ;
#1962 = AXIS2_PLACEMENT_3D ( 'NONE', #2382, #2585, #2176 ) ;
#1963 = LINE ( 'NONE', #253, #20 ) ;
#1964 = ORIENTED_EDGE ( 'NONE', *, *, #98, .T. ) ;
#1965 = VECTOR ( 'NONE', #1343, 1000.000000000000000 ) ;
#1966 = DIRECTION ( 'NONE',  ( 1.000000000000000000, 0.0000000000000000000, -0.0000000000000000000 ) ) ;
#1967 = VERTEX_POINT ( 'NONE', #1890 ) ;
#1968 = VERTEX_POINT ( 'NONE', #1882 ) ;
#1969 = DIRECTION ( 'NONE',  ( -0.0000000000000000000, -1.000000000000000000, -0.0000000000000000000 ) ) ;
#1970 = DIRECTION ( 'NONE',  ( 0.0000000000000000000, 0.0000000000000000000, 1.000000000000000000 ) ) ;
#1971 = ORIENTED_EDGE ( 'NONE', *, *, #2572, .T. ) ;
#1972 = FACE_OUTER_BOUND ( 'NONE', #2379, .T. ) ;
#1973 = ORIENTED_EDGE ( 'NONE', *, *, #2275, .T. ) ;
#1974 = PLANE ( 'NONE',  #2080 ) ;
#1975 = CARTESIAN_POINT ( 'NONE',  ( -1.448000000000000200, 0.5979999999999999800, 0.05099999999999999700 ) ) ;
#1976 = ORIENTED_EDGE ( 'NONE', *, *, #1083, .F. ) ;
#1977 = ADVANCED_FACE ( 'NONE', ( #2044 ), #738, .T. ) ;
#1978 = EDGE_CURVE ( 'NONE', #913, #2045, #1519, .T. ) ;
#1979 = ORIENTED_EDGE ( 'NONE', *, *, #2057, .T. ) ;
#1980 = VECTOR ( 'NONE', #1936, 1000.000000000000000 ) ;
#1981 = CARTESIAN_POINT ( 'NONE',  ( -0.9140000000000001500, 0.5979999999999999800, 0.05099999999999999700 ) ) ;
#1982 = PRESENTATION_STYLE_ASSIGNMENT (( #2257 ) ) ;
#1983 = VERTEX_POINT ( 'NONE', #1515 ) ;
#1984 = EDGE_LOOP ( 'NONE', ( #1658, #2568, #1937, #2174 ) ) ;
#1985 = EDGE_CURVE ( 'NONE', #2031, #1437, #435, .T. ) ;
#1986 = DIRECTION ( 'NONE',  ( 1.000000000000000000, -0.0000000000000000000, 0.0000000000000000000 ) ) ;
#1987 = VECTOR ( 'NONE', #453, 1000.000000000000000 ) ;
#1988 = DIRECTION ( 'NONE',  ( -0.0000000000000000000, 0.0000000000000000000, -1.000000000000000000 ) ) ;
#1989 = AXIS2_PLACEMENT_3D ( 'NONE', #896, #1221, #1230 ) ;
#1990 = SURFACE_SIDE_STYLE ('',( #948 ) ) ;
#1991 = ORIENTED_EDGE ( 'NONE', *, *, #2282, .F. ) ;
#1992 = APPLICATION_PROTOCOL_DEFINITION ( 'draft international standard', 'automotive_design', 1998, #2191 ) ;
#1993 = CARTESIAN_POINT ( 'NONE',  ( -1.448000000000000200, 0.4020000000000000200, 0.0000000000000000000 ) ) ;
#1994 = PLANE ( 'NONE',  #1612 ) ;
#1995 = DIRECTION ( 'NONE',  ( 0.0000000000000000000, -0.0000000000000000000, 1.000000000000000000 ) ) ;
#1996 = EDGE_CURVE ( 'NONE', #975, #1218, #977, .T. ) ;
#1997 = APPLICATION_CONTEXT ( 'automotive_design' ) ;
#1998 = AXIS2_PLACEMENT_3D ( 'NONE', #39, #630, #1828 ) ;
#1999 = LINE ( 'NONE', #1516, #2535 ) ;
#2000 =( NAMED_UNIT ( * ) SI_UNIT ( $, .STERADIAN. ) SOLID_ANGLE_UNIT ( ) );
#2001 = ORIENTED_EDGE ( 'NONE', *, *, #1789, .F. ) ;
#2002 = FACE_OUTER_BOUND ( 'NONE', #612, .T. ) ;
#2003 = CARTESIAN_POINT ( 'NONE',  ( 0.3479999999999999800, -0.6600000000000000300, 0.0000000000000000000 ) ) ;
#2004 = EDGE_LOOP ( 'NONE', ( #1946, #1568, #2068, #1540 ) ) ;
#2005 = DIRECTION ( 'NONE',  ( 0.0000000000000000000, -0.0000000000000000000, 1.000000000000000000 ) ) ;
#2006 = EDGE_LOOP ( 'NONE', ( #1012, #28, #1472, #1256 ) ) ;
#2007 = ORIENTED_EDGE ( 'NONE', *, *, #2149, .T. ) ;
#2008 = VERTEX_POINT ( 'NONE', #728 ) ;
#2009 = VERTEX_POINT ( 'NONE', #1843 ) ;
#2010 = CARTESIAN_POINT ( 'NONE',  ( 0.3479999999999999800, 1.194000000000000000, 0.0000000000000000000 ) ) ;
#2011 = CARTESIAN_POINT ( 'NONE',  ( -1.448000000000000200, 0.9030000000000000200, 0.05099999999999999700 ) ) ;
#2012 = DIRECTION ( 'NONE',  ( 0.0000000000000000000, 0.0000000000000000000, 1.000000000000000000 ) ) ;
#2013 = EDGE_CURVE ( 'NONE', #158, #2289, #371, .T. ) ;
#2014 = LINE ( 'NONE', #1433, #465 ) ;
#2015 = CLOSED_SHELL ( 'NONE', ( #2141, #1533, #2310, #2549, #574, #1364 ) ) ;
#2016 = VECTOR ( 'NONE', #1893, 1000.000000000000000 ) ;
#2017 = CARTESIAN_POINT ( 'NONE',  ( -1.448000000000000200, 0.09800000000000000400, 0.0000000000000000000 ) ) ;
#2018 = STYLED_ITEM ( 'NONE', ( #552 ), #337 ) ;
#2019 = DIRECTION ( 'NONE',  ( -1.000000000000000000, 0.0000000000000000000, 0.0000000000000000000 ) ) ;
#2020 = MANIFOLD_SOLID_BREP ( 'Imported15', #1691 ) ;
#2021 = DIRECTION ( 'NONE',  ( -0.0000000000000000000, -1.000000000000000000, -0.0000000000000000000 ) ) ;
#2022 = CARTESIAN_POINT ( 'NONE',  ( 0.1520000000000000000, 0.6600000000000000300, 0.05099999999999999700 ) ) ;
#2023 =( NAMED_UNIT ( * ) SI_UNIT ( $, .STERADIAN. ) SOLID_ANGLE_UNIT ( ) );
#2024 = ORIENTED_EDGE ( 'NONE', *, *, #1105, .T. ) ;
#2025 = DIRECTION ( 'NONE',  ( 1.000000000000000000, 0.0000000000000000000, -0.0000000000000000000 ) ) ;
#2026 = CARTESIAN_POINT ( 'NONE',  ( -0.1520000000000000000, 1.194000000000000000, 0.0000000000000000000 ) ) ;
#2027 = VECTOR ( 'NONE', #1369, 1000.000000000000000 ) ;
#2028 = EDGE_CURVE ( 'NONE', #455, #2587, #725, .T. ) ;
#2029 = CARTESIAN_POINT ( 'NONE',  ( -1.175230000000000000, 0.7500000000000000000, 1.397000000000000000 ) ) ;
#2030 = VECTOR ( 'NONE', #259, 1000.000000000000000 ) ;
#2031 = VERTEX_POINT ( 'NONE', #101 ) ;
#2032 = LINE ( 'NONE', #901, #1499 ) ;
#2033 = ORIENTED_EDGE ( 'NONE', *, *, #1547, .T. ) ;
#2034 = VERTEX_POINT ( 'NONE', #2514 ) ;
#2035 = DIRECTION ( 'NONE',  ( 0.0000000000000000000, 1.000000000000000000, -0.0000000000000000000 ) ) ;
#2036 = VECTOR ( 'NONE', #590, 1000.000000000000000 ) ;
#2037 = CARTESIAN_POINT ( 'NONE',  ( 1.448000000000000200, -0.5979999999999999800, 0.0000000000000000000 ) ) ;
#2038 = ORIENTED_EDGE ( 'NONE', *, *, #2149, .F. ) ;
#2039 = VECTOR ( 'NONE', #1798, 1000.000000000000000 ) ;
#2040 = ORIENTED_EDGE ( 'NONE', *, *, #1050, .T. ) ;
#2041 = DIRECTION ( 'NONE',  ( 0.0000000000000000000, -0.0000000000000000000, 1.000000000000000000 ) ) ;
#2042 = ORIENTED_EDGE ( 'NONE', *, *, #1150, .F. ) ;
#2043 = LINE ( 'NONE', #336, #1518 ) ;
#2044 = FACE_OUTER_BOUND ( 'NONE', #1420, .T. ) ;
#2045 = VERTEX_POINT ( 'NONE', #501 ) ;
#2046 = CARTESIAN_POINT ( 'NONE',  ( 0.9140000000000001500, -0.9030000000000000200, 0.0000000000000000000 ) ) ;
#2047 = PLANE ( 'NONE',  #1998 ) ;
#2048 = DIRECTION ( 'NONE',  ( 1.000000000000000000, -0.0000000000000000000, 0.0000000000000000000 ) ) ;
#2049 = EDGE_CURVE ( 'NONE', #1688, #97, #920, .T. ) ;
#2050 = PLANE ( 'NONE',  #2338 ) ;
#2051 = DIRECTION ( 'NONE',  ( 0.0000000000000000000, 1.000000000000000000, 0.0000000000000000000 ) ) ;
#2052 = AXIS2_PLACEMENT_3D ( 'NONE', #517, #718, #731 ) ;
#2053 = DIRECTION ( 'NONE',  ( -0.0000000000000000000, -0.0000000000000000000, -1.000000000000000000 ) ) ;
#2054 = CARTESIAN_POINT ( 'NONE',  ( -1.448000000000000200, 0.9030000000000000200, 0.0000000000000000000 ) ) ;
#2055 = DIRECTION ( 'NONE',  ( -0.0000000000000000000, -0.0000000000000000000, -1.000000000000000000 ) ) ;
#2056 = PRESENTATION_STYLE_ASSIGNMENT (( #1193 ) ) ;
#2057 = EDGE_CURVE ( 'NONE', #505, #419, #2269, .T. ) ;
#2058 = DIRECTION ( 'NONE',  ( 0.0000000000000000000, 0.0000000000000000000, -1.000000000000000000 ) ) ;
#2059 = LINE ( 'NONE', #2010, #1530 ) ;
#2060 = FACE_OUTER_BOUND ( 'NONE', #965, .T. ) ;
#2061 =( LENGTH_UNIT ( ) NAMED_UNIT ( * ) SI_UNIT ( .MILLI., .METRE. ) );
#2062 = VECTOR ( 'NONE', #1643, 1000.000000000000000 ) ;
#2063 = ORIENTED_EDGE ( 'NONE', *, *, #1764, .F. ) ;
#2064 = AXIS2_PLACEMENT_3D ( 'NONE', #2466, #246, #1454 ) ;
#2065 = ORIENTED_EDGE ( 'NONE', *, *, #736, .T. ) ;
#2066 = ORIENTED_EDGE ( 'NONE', *, *, #1924, .F. ) ;
#2067 = AXIS2_PLACEMENT_3D ( 'NONE', #1396, #1790, #2188 ) ;
#2068 = ORIENTED_EDGE ( 'NONE', *, *, #2572, .F. ) ;
#2069 = CARTESIAN_POINT ( 'NONE',  ( -1.448000000000000200, -0.9030000000000000200, 0.05099999999999999700 ) ) ;
#2070 = VERTEX_POINT ( 'NONE', #1476 ) ;
#2071 = DIRECTION ( 'NONE',  ( 0.0000000000000000000, 0.0000000000000000000, 1.000000000000000000 ) ) ;
#2072 = DIRECTION ( 'NONE',  ( 1.000000000000000000, 0.0000000000000000000, -0.0000000000000000000 ) ) ;
#2073 = PLANE ( 'NONE',  #996 ) ;
#2074 = ORIENTED_EDGE ( 'NONE', *, *, #437, .F. ) ;
#2075 = FACE_OUTER_BOUND ( 'NONE', #520, .T. ) ;
#2076 = DIRECTION ( 'NONE',  ( -1.000000000000000000, -0.0000000000000000000, -0.0000000000000000000 ) ) ;
#2077 = CARTESIAN_POINT ( 'NONE',  ( -1.548999999999999900, -1.294999999999999900, 0.05099999999999999700 ) ) ;
#2078 = DIRECTION ( 'NONE',  ( 1.000000000000000000, 0.0000000000000000000, -0.0000000000000000000 ) ) ;
#2079 = EDGE_CURVE ( 'NONE', #1513, #2353, #2200, .T. ) ;
#2080 = AXIS2_PLACEMENT_3D ( 'NONE', #1584, #1579, #159 ) ;
#2081 = DIRECTION ( 'NONE',  ( 0.0000000000000000000, -0.0000000000000000000, 1.000000000000000000 ) ) ;
#2082 = DIRECTION ( 'NONE',  ( -0.0000000000000000000, -1.000000000000000000, -0.0000000000000000000 ) ) ;
#2083 = MECHANICAL_DESIGN_GEOMETRIC_PRESENTATION_REPRESENTATION (  '', ( #1812 ), #2222 ) ;
#2084 = CARTESIAN_POINT ( 'NONE',  ( -1.448000000000000200, -0.9030000000000000200, 0.0000000000000000000 ) ) ;
#2085 = DIRECTION ( 'NONE',  ( -0.0000000000000000000, -1.000000000000000000, -0.0000000000000000000 ) ) ;
#2086 = ORIENTED_EDGE ( 'NONE', *, *, #843, .T. ) ;
#2087 = LINE ( 'NONE', #1943, #2216 ) ;
#2088 = VECTOR ( 'NONE', #463, 1000.000000000000000 ) ;
#2089 = ORIENTED_EDGE ( 'NONE', *, *, #485, .T. ) ;
#2090 = LINE ( 'NONE', #375, #482 ) ;
#2091 = EDGE_CURVE ( 'NONE', #1763, #1778, #656, .T. ) ;
#2092 = CARTESIAN_POINT ( 'NONE',  ( 0.1520000000000000000, -0.6600000000000000300, 0.0000000000000000000 ) ) ;
#2093 = CARTESIAN_POINT ( 'NONE',  ( 1.548999999999999900, -1.294999999999999900, 1.397000000000000000 ) ) ;
#2094 = CARTESIAN_POINT ( 'NONE',  ( -0.9140000000000001500, -0.9030000000000000200, 0.05099999999999999700 ) ) ;
#2095 = ADVANCED_FACE ( 'NONE', ( #63 ), #57, .T. ) ;
#2096 = CARTESIAN_POINT ( 'NONE',  ( -1.448000000000000200, -0.4020000000000000200, 0.05099999999999999700 ) ) ;
#2097 = MANIFOLD_SOLID_BREP ( 'Imported5', #1057 ) ;
#2098 = EDGE_LOOP ( 'NONE', ( #638, #788, #181, #1036 ) ) ;
#2099 = VERTEX_POINT ( 'NONE', #746 ) ;
#2100 = DIRECTION ( 'NONE',  ( 0.0000000000000000000, -0.0000000000000000000, 1.000000000000000000 ) ) ;
#2101 = AXIS2_PLACEMENT_3D ( 'NONE', #2285, #989, #2431 ) ;
#2102 = ORIENTED_EDGE ( 'NONE', *, *, #1126, .T. ) ;
#2103 = ORIENTED_EDGE ( 'NONE', *, *, #2114, .T. ) ;
#2104 = LINE ( 'NONE', #2241, #1572 ) ;
#2105 = EDGE_LOOP ( 'NONE', ( #521, #1853, #519, #677 ) ) ;
#2106 = DIRECTION ( 'NONE',  ( -0.0000000000000000000, -1.000000000000000000, -0.0000000000000000000 ) ) ;
#2107 = DIRECTION ( 'NONE',  ( -1.000000000000000000, -0.0000000000000000000, -0.0000000000000000000 ) ) ;
#2108 = LINE ( 'NONE', #1949, #497 ) ;
#2109 = FACE_OUTER_BOUND ( 'NONE', #1035, .T. ) ;
#2110 = EDGE_LOOP ( 'NONE', ( #122, #1215, #2584, #243 ) ) ;
#2111 = CARTESIAN_POINT ( 'NONE',  ( -1.448000000000000200, 0.4020000000000000200, 0.0000000000000000000 ) ) ;
#2112 = LINE ( 'NONE', #1488, #646 ) ;
#2113 = ADVANCED_FACE ( 'NONE', ( #2142 ), #319, .T. ) ;
#2114 = EDGE_CURVE ( 'NONE', #1158, #58, #1945, .T. ) ;
#2115 = VERTEX_POINT ( 'NONE', #1390 ) ;
#2116 = CARTESIAN_POINT ( 'NONE',  ( 1.448000000000000200, -0.09800000000000000400, 0.05099999999999999700 ) ) ;
#2117 = EDGE_CURVE ( 'NONE', #2099, #1010, #2486, .T. ) ;
#2118 = CARTESIAN_POINT ( 'NONE',  ( -1.448000000000000200, 0.09800000000000000400, 0.0000000000000000000 ) ) ;
#2119 = STYLED_ITEM ( 'NONE', ( #428 ), #1554 ) ;
#2120 = CARTESIAN_POINT ( 'NONE',  ( -0.6530000000000000200, 0.6600000000000000300, 0.05099999999999999700 ) ) ;
#2121 = ORIENTED_EDGE ( 'NONE', *, *, #794, .F. ) ;
#2122 = DIRECTION ( 'NONE',  ( 1.000000000000000000, 0.0000000000000000000, -0.0000000000000000000 ) ) ;
#2123 = CARTESIAN_POINT ( 'NONE',  ( 0.1520000000000000000, 1.194000000000000000, 0.0000000000000000000 ) ) ;
#2124 = ADVANCED_FACE ( 'NONE', ( #1919 ), #1181, .T. ) ;
#2125 = ORIENTED_EDGE ( 'NONE', *, *, #1978, .F. ) ;
#2126 = CARTESIAN_POINT ( 'NONE',  ( -0.1520000000000000000, 0.6600000000000000300, 0.05099999999999999700 ) ) ;
#2127 = ORIENTED_EDGE ( 'NONE', *, *, #1334, .F. ) ;
#2128 = VECTOR ( 'NONE', #1211, 1000.000000000000000 ) ;
#2129 = FACE_OUTER_BOUND ( 'NONE', #1616, .T. ) ;
#2130 = FACE_OUTER_BOUND ( 'NONE', #2190, .T. ) ;
#2131 = VERTEX_POINT ( 'NONE', #1613 ) ;
#2132 = ORIENTED_EDGE ( 'NONE', *, *, #1514, .F. ) ;
#2133 = EDGE_CURVE ( 'NONE', #2484, #1278, #2421, .T. ) ;
#2134 = FILL_AREA_STYLE ('',( #1314 ) ) ;
#2135 = VERTEX_POINT ( 'NONE', #5 ) ;
#2136 =( NAMED_UNIT ( * ) PLANE_ANGLE_UNIT ( ) SI_UNIT ( $, .RADIAN. ) );
#2137 = EDGE_LOOP ( 'NONE', ( #1270, #484, #525, #1374 ) ) ;
#2138 = ORIENTED_EDGE ( 'NONE', *, *, #107, .F. ) ;
#2139 = PLANE ( 'NONE',  #610 ) ;
#2140 = FACE_OUTER_BOUND ( 'NONE', #2137, .T. ) ;
#2141 = ADVANCED_FACE ( 'NONE', ( #1879 ), #1170, .T. ) ;
#2142 = FACE_OUTER_BOUND ( 'NONE', #2262, .T. ) ;
#2143 = ORIENTED_EDGE ( 'NONE', *, *, #606, .F. ) ;
#2144 = AXIS2_PLACEMENT_3D ( 'NONE', #2548, #136, #1549 ) ;
#2145 = VECTOR ( 'NONE', #2213, 1000.000000000000000 ) ;
#2146 = LINE ( 'NONE', #2503, #983 ) ;
#2147 = CARTESIAN_POINT ( 'NONE',  ( -0.6530000000000000200, 0.6600000000000000300, 0.0000000000000000000 ) ) ;
#2148 = CARTESIAN_POINT ( 'NONE',  ( 0.9140000000000001500, 0.5979999999999999800, 0.0000000000000000000 ) ) ;
#2149 = EDGE_CURVE ( 'NONE', #1874, #2583, #885, .T. ) ;
#2150 = FILL_AREA_STYLE_COLOUR ( '', #543 ) ;
#2151 = ADVANCED_FACE ( 'NONE', ( #1419 ), #1145, .T. ) ;
#2152 = AXIS2_PLACEMENT_3D ( 'NONE', #226, #653, #1668 ) ;
#2153 = CARTESIAN_POINT ( 'NONE',  ( 1.448000000000000200, 0.4020000000000000200, 0.0000000000000000000 ) ) ;
#2154 = LINE ( 'NONE', #2414, #1859 ) ;
#2155 = AXIS2_PLACEMENT_3D ( 'NONE', #672, #515, #1491 ) ;
#2156 = VECTOR ( 'NONE', #1134, 1000.000000000000000 ) ;
#2157 = CARTESIAN_POINT ( 'NONE',  ( -1.448000000000000200, -0.9030000000000000200, 0.0000000000000000000 ) ) ;
#2158 = FILL_AREA_STYLE ('',( #2150 ) ) ;
#2159 = ORIENTED_EDGE ( 'NONE', *, *, #1298, .T. ) ;
#2160 = CARTESIAN_POINT ( 'NONE',  ( 1.448000000000000200, 0.5979999999999999800, 0.0000000000000000000 ) ) ;
#2161 = EDGE_LOOP ( 'NONE', ( #2256, #270 ) ) ;
#2162 = EDGE_LOOP ( 'NONE', ( #988, #2350, #24, #2546 ) ) ;
#2163 = UNCERTAINTY_MEASURE_WITH_UNIT (LENGTH_MEASURE( 1.000000000000000100E-005 ), #2061, 'distance_accuracy_value', 'NONE');
#2164 = ADVANCED_FACE ( 'NONE', ( #2361 ), #1175, .T. ) ;
#2165 = VECTOR ( 'NONE', #1926, 1000.000000000000000 ) ;
#2166 = ORIENTED_EDGE ( 'NONE', *, *, #2091, .F. ) ;
#2167 = CARTESIAN_POINT ( 'NONE',  ( 0.9140000000000001500, -0.09800000000000000400, 0.0000000000000000000 ) ) ;
#2168 = EDGE_CURVE ( 'NONE', #115, #455, #277, .T. ) ;
#2169 = CARTESIAN_POINT ( 'NONE',  ( 0.3479999999999999800, -1.194000000000000000, 0.0000000000000000000 ) ) ;
#2170 = DIRECTION ( 'NONE',  ( 1.000000000000000000, 0.0000000000000000000, -0.0000000000000000000 ) ) ;
#2171 = FACE_OUTER_BOUND ( 'NONE', #2161, .T. ) ;
#2172 = EDGE_LOOP ( 'NONE', ( #1770, #302, #589, #553 ) ) ;
#2173 = VECTOR ( 'NONE', #1133, 1000.000000000000000 ) ;
#2174 = ORIENTED_EDGE ( 'NONE', *, *, #506, .T. ) ;
#2175 = AXIS2_PLACEMENT_3D ( 'NONE', #2111, #1904, #496 ) ;
#2176 = DIRECTION ( 'NONE',  ( -1.000000000000000000, 0.0000000000000000000, -0.0000000000000000000 ) ) ;
#2177 = ADVANCED_FACE ( 'NONE', ( #761 ), #1522, .T. ) ;
#2178 = DIRECTION ( 'NONE',  ( 0.0000000000000000000, 1.000000000000000000, 0.0000000000000000000 ) ) ;
#2179 = EDGE_CURVE ( 'NONE', #378, #975, #1750, .T. ) ;
#2180 = CARTESIAN_POINT ( 'NONE',  ( -0.6530000000000000200, 1.194000000000000000, 0.0000000000000000000 ) ) ;
#2181 =( LENGTH_UNIT ( ) NAMED_UNIT ( * ) SI_UNIT ( .MILLI., .METRE. ) );
#2182 = AXIS2_PLACEMENT_3D ( 'NONE', #2465, #489, #1517 ) ;
#2183 = DIRECTION ( 'NONE',  ( 0.0000000000000000000, 0.0000000000000000000, 1.000000000000000000 ) ) ;
#2184 = CARTESIAN_POINT ( 'NONE',  ( -1.448000000000000200, 0.9030000000000000200, 0.05099999999999999700 ) ) ;
#2185 = ADVANCED_FACE ( 'NONE', ( #682 ), #199, .T. ) ;
#2186 = STYLED_ITEM ( 'NONE', ( #708 ), #2359 ) ;
#2187 = VECTOR ( 'NONE', #824, 1000.000000000000000 ) ;
#2188 = DIRECTION ( 'NONE',  ( 0.0000000000000000000, 0.0000000000000000000, 1.000000000000000000 ) ) ;
#2189 = VECTOR ( 'NONE', #1863, 1000.000000000000000 ) ;
#2190 = EDGE_LOOP ( 'NONE', ( #2089, #940 ) ) ;
#2191 = APPLICATION_CONTEXT ( 'automotive_design' ) ;
#2192 = EDGE_LOOP ( 'NONE', ( #1876, #1058, #2233, #2063 ) ) ;
#2193 = CARTESIAN_POINT ( 'NONE',  ( 0.3479999999999999800, 0.6600000000000000300, 0.0000000000000000000 ) ) ;
#2194 = CARTESIAN_POINT ( 'NONE',  ( -0.6530000000000000200, -1.194000000000000000, 0.0000000000000000000 ) ) ;
#2195 = VECTOR ( 'NONE', #2516, 1000.000000000000000 ) ;
#2196 = ORIENTED_EDGE ( 'NONE', *, *, #2117, .T. ) ;
#2197 = EDGE_CURVE ( 'NONE', #1346, #1913, #212, .T. ) ;
#2198 = VERTEX_POINT ( 'NONE', #600 ) ;
#2199 = LINE ( 'NONE', #294, #587 ) ;
#2200 = LINE ( 'NONE', #2537, #1660 ) ;
#2201 = LINE ( 'NONE', #2167, #531 ) ;
#2202 =( LENGTH_UNIT ( ) NAMED_UNIT ( * ) SI_UNIT ( .MILLI., .METRE. ) );
#2203 = DIRECTION ( 'NONE',  ( -1.000000000000000000, -0.0000000000000000000, -0.0000000000000000000 ) ) ;
#2204 = CARTESIAN_POINT ( 'NONE',  ( 0.6530000000000000200, 0.6600000000000000300, 0.0000000000000000000 ) ) ;
#2205 = LINE ( 'NONE', #2400, #2461 ) ;
#2206 = CARTESIAN_POINT ( 'NONE',  ( 0.9140000000000001500, -0.09800000000000000400, 0.0000000000000000000 ) ) ;
#2207 = ORIENTED_EDGE ( 'NONE', *, *, #640, .F. ) ;
#2208 = MANIFOLD_SOLID_BREP ( 'Imported11', #174 ) ;
#2209 = DIRECTION ( 'NONE',  ( 1.000000000000000000, -0.0000000000000000000, 0.0000000000000000000 ) ) ;
#2210 = DIRECTION ( 'NONE',  ( -0.0000000000000000000, 0.0000000000000000000, 1.000000000000000000 ) ) ;
#2211 = CARTESIAN_POINT ( 'NONE',  ( 0.6530000000000000200, 0.6600000000000000300, 0.0000000000000000000 ) ) ;
#2212 = EDGE_CURVE ( 'NONE', #158, #1034, #547, .T. ) ;
#2213 = DIRECTION ( 'NONE',  ( -0.0000000000000000000, -0.0000000000000000000, -1.000000000000000000 ) ) ;
#2214 = EDGE_LOOP ( 'NONE', ( #2033, #64, #2391, #391 ) ) ;
#2215 = STYLED_ITEM ( 'NONE', ( #2299 ), #1169 ) ;
#2216 = VECTOR ( 'NONE', #747, 1000.000000000000000 ) ;
#2217 = CARTESIAN_POINT ( 'NONE',  ( 0.9140000000000001500, 0.9030000000000000200, 0.0000000000000000000 ) ) ;
#2218 = VERTEX_POINT ( 'NONE', #1013 ) ;
#2219 = DIRECTION ( 'NONE',  ( 1.000000000000000000, 0.0000000000000000000, -0.0000000000000000000 ) ) ;
#2220 = DIRECTION ( 'NONE',  ( 0.0000000000000000000, -1.000000000000000000, 0.0000000000000000000 ) ) ;
#2221 = VERTEX_POINT ( 'NONE', #1754 ) ;
#2222 =( GEOMETRIC_REPRESENTATION_CONTEXT ( 3 ) GLOBAL_UNCERTAINTY_ASSIGNED_CONTEXT ( ( #1849 ) ) GLOBAL_UNIT_ASSIGNED_CONTEXT ( ( #2599, #1398, #182 ) ) REPRESENTATION_CONTEXT ( 'NONE', 'WORKASPACE' ) );
#2223 = ORIENTED_EDGE ( 'NONE', *, *, #1649, .T. ) ;
#2224 = EDGE_LOOP ( 'NONE', ( #2270, #486, #1873, #1159 ) ) ;
#2225 = CARTESIAN_POINT ( 'NONE',  ( 0.9140000000000001500, 0.4020000000000000200, 0.0000000000000000000 ) ) ;
#2226 = EDGE_LOOP ( 'NONE', ( #362, #1251, #1241, #2388 ) ) ;
#2227 = COLOUR_RGB ( '',0.1921568627450980200, 0.1921568627450980200, 0.1921568627450980200 ) ;
#2228 = FACE_OUTER_BOUND ( 'NONE', #495, .T. ) ;
#2229 = ORIENTED_EDGE ( 'NONE', *, *, #311, .F. ) ;
#2230 = PLANE ( 'NONE',  #1565 ) ;
#2231 = EDGE_CURVE ( 'NONE', #793, #1131, #1689, .T. ) ;
#2232 = VECTOR ( 'NONE', #2409, 1000.000000000000000 ) ;
#2233 = ORIENTED_EDGE ( 'NONE', *, *, #692, .F. ) ;
#2234 = CLOSED_SHELL ( 'NONE', ( #773, #730, #1146, #1896, #1574, #155 ) ) ;
#2235 = CARTESIAN_POINT ( 'NONE',  ( -1.304770000000000000, 0.7500000000000000000, 1.399999999999999900 ) ) ;
#2236 = PRESENTATION_LAYER_ASSIGNMENT (  '', '', ( #1958 ) ) ;
#2237 = CARTESIAN_POINT ( 'NONE',  ( -0.6530000000000000200, -1.194000000000000000, 0.0000000000000000000 ) ) ;
#2238 = PLANE ( 'NONE',  #2542 ) ;
#2239 = AXIS2_PLACEMENT_3D ( 'NONE', #2180, #1368, #2372 ) ;
#2240 = DIRECTION ( 'NONE',  ( 0.0000000000000000000, -0.0000000000000000000, 1.000000000000000000 ) ) ;
#2241 = CARTESIAN_POINT ( 'NONE',  ( 1.448000000000000200, -0.09800000000000000400, 0.05099999999999999700 ) ) ;
#2242 = UNCERTAINTY_MEASURE_WITH_UNIT (LENGTH_MEASURE( 1.000000000000000100E-005 ), #1066, 'distance_accuracy_value', 'NONE');
#2243 = EDGE_CURVE ( 'NONE', #2045, #1158, #2090, .T. ) ;
#2244 =( NAMED_UNIT ( * ) SI_UNIT ( $, .STERADIAN. ) SOLID_ANGLE_UNIT ( ) );
#2245 = DIRECTION ( 'NONE',  ( 0.0000000000000000000, 1.000000000000000000, -0.0000000000000000000 ) ) ;
#2246 = ORIENTED_EDGE ( 'NONE', *, *, #437, .T. ) ;
#2247 = DIRECTION ( 'NONE',  ( 0.0000000000000000000, -0.0000000000000000000, -1.000000000000000000 ) ) ;
#2248 = DIRECTION ( 'NONE',  ( 0.0000000000000000000, 1.000000000000000000, 0.0000000000000000000 ) ) ;
#2249 = DIRECTION ( 'NONE',  ( -0.0000000000000000000, -1.000000000000000000, -0.0000000000000000000 ) ) ;
#2250 = LINE ( 'NONE', #572, #163 ) ;
#2251 = EDGE_CURVE ( 'NONE', #2198, #115, #2032, .T. ) ;
#2252 = LINE ( 'NONE', #213, #1183 ) ;
#2253 = ORIENTED_EDGE ( 'NONE', *, *, #288, .F. ) ;
#2254 = AXIS2_PLACEMENT_3D ( 'NONE', #1095, #1264, #1274 ) ;
#2255 = LINE ( 'NONE', #799, #1186 ) ;
#2256 = ORIENTED_EDGE ( 'NONE', *, *, #2432, .F. ) ;
#2257 = SURFACE_STYLE_USAGE ( .BOTH. , #1667 ) ;
#2258 = DIRECTION ( 'NONE',  ( 0.0000000000000000000, -0.0000000000000000000, -1.000000000000000000 ) ) ;
#2259 = CARTESIAN_POINT ( 'NONE',  ( 0.3479999999999999800, -1.194000000000000000, 0.05099999999999999700 ) ) ;
#2260 = DIRECTION ( 'NONE',  ( 1.000000000000000000, 0.0000000000000000000, -0.0000000000000000000 ) ) ;
#2261 = EDGE_LOOP ( 'NONE', ( #675, #1625, #1101, #585 ) ) ;
#2262 = EDGE_LOOP ( 'NONE', ( #35, #2600, #617, #914 ) ) ;
#2263 = CARTESIAN_POINT ( 'NONE',  ( -1.448000000000000200, -0.09800000000000000400, 0.0000000000000000000 ) ) ;
#2264 = LINE ( 'NONE', #2295, #1247 ) ;
#2265 = ORIENTED_EDGE ( 'NONE', *, *, #1580, .T. ) ;
#2266 = CARTESIAN_POINT ( 'NONE',  ( -0.9140000000000001500, -0.09800000000000000400, 0.0000000000000000000 ) ) ;
#2267 = ORIENTED_EDGE ( 'NONE', *, *, #2302, .F. ) ;
#2268 = FACE_OUTER_BOUND ( 'NONE', #1219, .T. ) ;
#2269 = LINE ( 'NONE', #2237, #1722 ) ;
#2270 = ORIENTED_EDGE ( 'NONE', *, *, #1150, .T. ) ;
#2271 = CARTESIAN_POINT ( 'NONE',  ( -0.6530000000000000200, -0.6600000000000000300, 0.0000000000000000000 ) ) ;
#2272 = LINE ( 'NONE', #248, #660 ) ;
#2273 = SURFACE_SIDE_STYLE ('',( #2315 ) ) ;
#2274 = DIRECTION ( 'NONE',  ( 0.0000000000000000000, 0.0000000000000000000, 1.000000000000000000 ) ) ;
#2275 = EDGE_CURVE ( 'NONE', #2610, #1508, #1033, .T. ) ;
#2276 = SURFACE_STYLE_USAGE ( .BOTH. , #1059 ) ;
#2277 = AXIS2_PLACEMENT_3D ( 'NONE', #431, #1651, #36 ) ;
#2278 =( NAMED_UNIT ( * ) PLANE_ANGLE_UNIT ( ) SI_UNIT ( $, .RADIAN. ) );
#2279 = CARTESIAN_POINT ( 'NONE',  ( -0.1520000000000000000, 1.194000000000000000, 0.05099999999999999700 ) ) ;
#2280 = CARTESIAN_POINT ( 'NONE',  ( -0.3479999999999999800, -0.6600000000000000300, 0.05099999999999999700 ) ) ;
#2281 = CARTESIAN_POINT ( 'NONE',  ( -0.9140000000000001500, 0.9030000000000000200, 0.0000000000000000000 ) ) ;
#2282 = EDGE_CURVE ( 'NONE', #1137, #861, #2569, .T. ) ;
#2283 = PLANE ( 'NONE',  #892 ) ;
#2284 = COLOUR_RGB ( '',0.7215686274509803800, 0.7215686274509803800, 0.7215686274509803800 ) ;
#2285 = CARTESIAN_POINT ( 'NONE',  ( 0.3479999999999999800, 1.194000000000000000, 0.0000000000000000000 ) ) ;
#2286 = SURFACE_STYLE_FILL_AREA ( #273 ) ;
#2287 = ORIENTED_EDGE ( 'NONE', *, *, #1050, .F. ) ;
#2288 = PRESENTATION_LAYER_ASSIGNMENT (  '', '', ( #2018 ) ) ;
#2289 = VERTEX_POINT ( 'NONE', #1331 ) ;
#2290 = ORIENTED_EDGE ( 'NONE', *, *, #1801, .T. ) ;
#2291 = EDGE_LOOP ( 'NONE', ( #1569, #1803, #1991, #1385 ) ) ;
#2292 = ORIENTED_EDGE ( 'NONE', *, *, #1172, .T. ) ;
#2293 = CARTESIAN_POINT ( 'NONE',  ( -0.6530000000000000200, 1.194000000000000000, 0.0000000000000000000 ) ) ;
#2294 = DIRECTION ( 'NONE',  ( 0.0000000000000000000, 1.000000000000000000, 0.0000000000000000000 ) ) ;
#2295 = CARTESIAN_POINT ( 'NONE',  ( -1.448000000000000200, 0.9030000000000000200, 0.0000000000000000000 ) ) ;
#2296 = LINE ( 'NONE', #186, #276 ) ;
#2297 = COLOUR_RGB ( '',0.7215686274509803800, 0.7215686274509803800, 0.7215686274509803800 ) ;
#2298 = CARTESIAN_POINT ( 'NONE',  ( 1.448000000000000200, -0.09800000000000000400, 0.0000000000000000000 ) ) ;
#2299 = PRESENTATION_STYLE_ASSIGNMENT (( #1365 ) ) ;
#2300 = VECTOR ( 'NONE', #2041, 1000.000000000000000 ) ;
#2301 = ORIENTED_EDGE ( 'NONE', *, *, #467, .T. ) ;
#2302 = EDGE_CURVE ( 'NONE', #1913, #2411, #2507, .T. ) ;
#2303 = CARTESIAN_POINT ( 'NONE',  ( -0.1520000000000000000, -1.194000000000000000, 0.0000000000000000000 ) ) ;
#2304 = CARTESIAN_POINT ( 'NONE',  ( -0.6530000000000000200, -1.194000000000000000, 0.05099999999999999700 ) ) ;
#2305 = EDGE_CURVE ( 'NONE', #754, #1085, #963, .T. ) ;
#2306 = CARTESIAN_POINT ( 'NONE',  ( -0.9140000000000001500, 0.5979999999999999800, 0.0000000000000000000 ) ) ;
#2307 = STYLED_ITEM ( 'NONE', ( #1604 ), #1361 ) ;
#2308 = FACE_OUTER_BOUND ( 'NONE', #2192, .T. ) ;
#2309 = CARTESIAN_POINT ( 'NONE',  ( 0.9140000000000001500, -0.4020000000000000200, 0.0000000000000000000 ) ) ;
#2310 = ADVANCED_FACE ( 'NONE', ( #1375 ), #1935, .T. ) ;
#2311 = DIRECTION ( 'NONE',  ( 1.000000000000000000, -0.0000000000000000000, 0.0000000000000000000 ) ) ;
#2312 = FACE_OUTER_BOUND ( 'NONE', #845, .T. ) ;
#2313 = LINE ( 'NONE', #225, #705 ) ;
#2314 = ORIENTED_EDGE ( 'NONE', *, *, #2390, .T. ) ;
#2315 = SURFACE_STYLE_FILL_AREA ( #921 ) ;
#2316 = EDGE_CURVE ( 'NONE', #2115, #2031, #1436, .T. ) ;
#2317 = DIRECTION ( 'NONE',  ( 0.0000000000000000000, 0.0000000000000000000, 1.000000000000000000 ) ) ;
#2318 = LINE ( 'NONE', #2204, #1835 ) ;
#2319 = ORIENTED_EDGE ( 'NONE', *, *, #2500, .F. ) ;
#2320 = VERTEX_POINT ( 'NONE', #2532 ) ;
#2321 = ORIENTED_EDGE ( 'NONE', *, *, #2527, .T. ) ;
#2322 = ADVANCED_FACE ( 'NONE', ( #298 ), #1127, .T. ) ;
#2323 = ADVANCED_BREP_SHAPE_REPRESENTATION ( 'ASM330LHHXG1TR', ( #1554, #2491, #2553, #532, #2097, #1361, #1169, #1626, #2359, #49, #2208, #815, #1267, #1078, #2020, #337, #17 ), #1553 ) ;
#2324 = PRESENTATION_STYLE_ASSIGNMENT (( #757 ) ) ;
#2325 = VERTEX_POINT ( 'NONE', #1922 ) ;
#2326 = ORIENTED_EDGE ( 'NONE', *, *, #1190, .F. ) ;
#2327 = AXIS2_PLACEMENT_3D ( 'NONE', #703, #925, #932 ) ;
#2328 = DIRECTION ( 'NONE',  ( -0.0000000000000000000, -1.000000000000000000, -0.0000000000000000000 ) ) ;
#2329 = VERTEX_POINT ( 'NONE', #323 ) ;
#2330 = CARTESIAN_POINT ( 'NONE',  ( -1.548999999999999900, 1.294999999999999900, 1.397000000000000000 ) ) ;
#2331 = ORIENTED_EDGE ( 'NONE', *, *, #1671, .T. ) ;
#2332 = LINE ( 'NONE', #895, #188 ) ;
#2333 = EDGE_CURVE ( 'NONE', #1310, #1444, #2385, .T. ) ;
#2334 = VERTEX_POINT ( 'NONE', #492 ) ;
#2335 = FILL_AREA_STYLE ('',( #2530 ) ) ;
#2336 = ADVANCED_FACE ( 'NONE', ( #1833 ), #503, .T. ) ;
#2337 = EDGE_LOOP ( 'NONE', ( #1354, #1504, #2229, #397 ) ) ;
#2338 = AXIS2_PLACEMENT_3D ( 'NONE', #858, #632, #1834 ) ;
#2339 = SURFACE_SIDE_STYLE ('',( #1623 ) ) ;
#2340 = DIRECTION ( 'NONE',  ( -0.0000000000000000000, -1.000000000000000000, -0.0000000000000000000 ) ) ;
#2341 =( NAMED_UNIT ( * ) PLANE_ANGLE_UNIT ( ) SI_UNIT ( $, .RADIAN. ) );
#2342 = AXIS2_PLACEMENT_3D ( 'NONE', #576, #1966, #190 ) ;
#2343 = CARTESIAN_POINT ( 'NONE',  ( -0.9140000000000001500, -0.09800000000000000400, 0.0000000000000000000 ) ) ;
#2344 = DIRECTION ( 'NONE',  ( 0.0000000000000000000, -0.0000000000000000000, 1.000000000000000000 ) ) ;
#2345 = DIRECTION ( 'NONE',  ( 0.0000000000000000000, -1.000000000000000000, 0.0000000000000000000 ) ) ;
#2346 = LINE ( 'NONE', #573, #745 ) ;
#2347 = CARTESIAN_POINT ( 'NONE',  ( 0.9140000000000001500, -0.09800000000000000400, 0.0000000000000000000 ) ) ;
#2348 = ADVANCED_FACE ( 'NONE', ( #782 ), #477, .T. ) ;
#2349 = LINE ( 'NONE', #890, #1002 ) ;
#2350 = ORIENTED_EDGE ( 'NONE', *, *, #443, .F. ) ;
#2351 = VERTEX_POINT ( 'NONE', #897 ) ;
#2352 = EDGE_CURVE ( 'NONE', #609, #2334, #847, .T. ) ;
#2353 = VERTEX_POINT ( 'NONE', #569 ) ;
#2354 = CARTESIAN_POINT ( 'NONE',  ( -0.6530000000000000200, 1.194000000000000000, 0.0000000000000000000 ) ) ;
#2355 = DIRECTION ( 'NONE',  ( 0.0000000000000000000, -0.0000000000000000000, -1.000000000000000000 ) ) ;
#2356 = ORIENTED_EDGE ( 'NONE', *, *, #1732, .F. ) ;
#2357 = DIRECTION ( 'NONE',  ( 0.0000000000000000000, -0.0000000000000000000, 1.000000000000000000 ) ) ;
#2358 = AXIS2_PLACEMENT_3D ( 'NONE', #772, #1959, #555 ) ;
#2359 = MANIFOLD_SOLID_BREP ( 'Imported9', #1740 ) ;
#2360 = LINE ( 'NONE', #1240, #338 ) ;
#2361 = FACE_OUTER_BOUND ( 'NONE', #1189, .T. ) ;
#2362 = LINE ( 'NONE', #1756, #886 ) ;
#2363 = CARTESIAN_POINT ( 'NONE',  ( -0.3479999999999999800, 1.194000000000000000, 0.0000000000000000000 ) ) ;
#2364 = LINE ( 'NONE', #2225, #1751 ) ;
#2365 = VERTEX_POINT ( 'NONE', #1403 ) ;
#2366 = SURFACE_STYLE_USAGE ( .BOTH. , #957 ) ;
#2367 = ADVANCED_FACE ( 'NONE', ( #2129 ), #514, .T. ) ;
#2368 = ORIENTED_EDGE ( 'NONE', *, *, #1827, .F. ) ;
#2369 = VECTOR ( 'NONE', #1995, 1000.000000000000000 ) ;
#2370 =( NAMED_UNIT ( * ) SI_UNIT ( $, .STERADIAN. ) SOLID_ANGLE_UNIT ( ) );
#2371 = EDGE_CURVE ( 'NONE', #1688, #721, #1053, .T. ) ;
#2372 = DIRECTION ( 'NONE',  ( -1.000000000000000000, 0.0000000000000000000, -0.0000000000000000000 ) ) ;
#2373 = DIRECTION ( 'NONE',  ( -1.000000000000000000, -0.0000000000000000000, -0.0000000000000000000 ) ) ;
#2374 = MECHANICAL_DESIGN_GEOMETRIC_PRESENTATION_REPRESENTATION (  '', ( #1958 ), #2506 ) ;
#2375 = CLOSED_SHELL ( 'NONE', ( #350, #377, #2395, #1731, #1957, #2322 ) ) ;
#2376 = PLANE ( 'NONE',  #2358 ) ;
#2377 = ADVANCED_FACE ( 'NONE', ( #2060 ), #1092, .T. ) ;
#2378 = FACE_OUTER_BOUND ( 'NONE', #2214, .T. ) ;
#2379 = EDGE_LOOP ( 'NONE', ( #657, #1442, #2132, #1321 ) ) ;
#2380 = DIRECTION ( 'NONE',  ( 0.0000000000000000000, -0.0000000000000000000, 1.000000000000000000 ) ) ;
#2381 = LINE ( 'NONE', #758, #1826 ) ;
#2382 = CARTESIAN_POINT ( 'NONE',  ( -1.548999999999999900, 1.294999999999999900, 0.05099999999999999700 ) ) ;
#2383 = LINE ( 'NONE', #1046, #1903 ) ;
#2384 = ORIENTED_EDGE ( 'NONE', *, *, #2418, .T. ) ;
#2385 = LINE ( 'NONE', #315, #1308 ) ;
#2386 = DIRECTION ( 'NONE',  ( -1.000000000000000000, 0.0000000000000000000, 0.0000000000000000000 ) ) ;
#2387 = LINE ( 'NONE', #1452, #169 ) ;
#2388 = ORIENTED_EDGE ( 'NONE', *, *, #575, .T. ) ;
#2389 = CARTESIAN_POINT ( 'NONE',  ( 0.9140000000000001500, -0.9030000000000000200, 0.0000000000000000000 ) ) ;
#2390 = EDGE_CURVE ( 'NONE', #2351, #2218, #238, .T. ) ;
#2391 = ORIENTED_EDGE ( 'NONE', *, *, #1249, .F. ) ;
#2392 = EDGE_CURVE ( 'NONE', #2320, #2034, #1532, .T. ) ;
#2393 = CARTESIAN_POINT ( 'NONE',  ( -1.240000000000000000, 0.7500000000000000000, 1.399999999999999900 ) ) ;
#2394 = ORIENTED_EDGE ( 'NONE', *, *, #42, .T. ) ;
#2395 = ADVANCED_FACE ( 'NONE', ( #1592 ), #2515, .T. ) ;
#2396 = ORIENTED_EDGE ( 'NONE', *, *, #1174, .F. ) ;
#2397 = CLOSED_SHELL ( 'NONE', ( #2508, #2575, #321, #1176, #1745, #2095 ) ) ;
#2398 = CARTESIAN_POINT ( 'NONE',  ( -0.3479999999999999800, -0.6600000000000000300, 0.0000000000000000000 ) ) ;
#2399 = PRESENTATION_LAYER_ASSIGNMENT (  '', '', ( #2119 ) ) ;
#2400 = CARTESIAN_POINT ( 'NONE',  ( 0.9140000000000001500, -0.5979999999999999800, 0.0000000000000000000 ) ) ;
#2401 = SURFACE_SIDE_STYLE ('',( #2598 ) ) ;
#2402 = DIRECTION ( 'NONE',  ( 0.0000000000000000000, -1.000000000000000000, 0.0000000000000000000 ) ) ;
#2403 = EDGE_CURVE ( 'NONE', #1832, #1339, #1999, .T. ) ;
#2404 = SURFACE_SIDE_STYLE ('',( #1591 ) ) ;
#2405 = DIRECTION ( 'NONE',  ( 1.000000000000000000, 0.0000000000000000000, 0.0000000000000000000 ) ) ;
#2406 = AXIS2_PLACEMENT_3D ( 'NONE', #1338, #950, #2355 ) ;
#2407 = LINE ( 'NONE', #1609, #1866 ) ;
#2408 = VECTOR ( 'NONE', #1121, 1000.000000000000000 ) ;
#2409 = DIRECTION ( 'NONE',  ( 0.0000000000000000000, 0.0000000000000000000, 1.000000000000000000 ) ) ;
#2410 = LINE ( 'NONE', #685, #1932 ) ;
#2411 = VERTEX_POINT ( 'NONE', #694 ) ;
#2412 = ORIENTED_EDGE ( 'NONE', *, *, #2243, .T. ) ;
#2413 = ORIENTED_EDGE ( 'NONE', *, *, #539, .T. ) ;
#2414 = CARTESIAN_POINT ( 'NONE',  ( 1.448000000000000200, 0.5979999999999999800, 0.0000000000000000000 ) ) ;
#2415 = CARTESIAN_POINT ( 'NONE',  ( 0.1520000000000000000, 1.194000000000000000, 0.05099999999999999700 ) ) ;
#2416 = DIRECTION ( 'NONE',  ( 1.000000000000000000, 0.0000000000000000000, -0.0000000000000000000 ) ) ;
#2417 = EDGE_LOOP ( 'NONE', ( #2007, #817, #261, #1869 ) ) ;
#2418 = EDGE_CURVE ( 'NONE', #2009, #941, #1469, .T. ) ;
#2419 = FACE_OUTER_BOUND ( 'NONE', #1915, .T. ) ;
#2420 = CARTESIAN_POINT ( 'NONE',  ( 0.6530000000000000200, -0.6600000000000000300, 0.0000000000000000000 ) ) ;
#2421 = LINE ( 'NONE', #1781, #1353 ) ;
#2422 = SURFACE_STYLE_USAGE ( .BOTH. , #2273 ) ;
#2423 = MECHANICAL_DESIGN_GEOMETRIC_PRESENTATION_REPRESENTATION (  '', ( #2018 ), #2557 ) ;
#2424 = VECTOR ( 'NONE', #1760, 1000.000000000000000 ) ;
#2425 = LINE ( 'NONE', #1825, #280 ) ;
#2426 = VERTEX_POINT ( 'NONE', #2116 ) ;
#2427 = CARTESIAN_POINT ( 'NONE',  ( -1.448000000000000200, 0.4020000000000000200, 0.05099999999999999700 ) ) ;
#2428 = AXIS2_PLACEMENT_3D ( 'NONE', #1263, #1250, #1464 ) ;
#2429 = DIRECTION ( 'NONE',  ( -1.000000000000000000, 0.0000000000000000000, -0.0000000000000000000 ) ) ;
#2430 = CARTESIAN_POINT ( 'NONE',  ( 0.9140000000000001500, -0.5979999999999999800, 0.05099999999999999700 ) ) ;
#2431 = DIRECTION ( 'NONE',  ( -1.000000000000000000, 0.0000000000000000000, -0.0000000000000000000 ) ) ;
#2432 = EDGE_CURVE ( 'NONE', #361, #737, #1928, .T. ) ;
#2433 = PLANE ( 'NONE',  #191 ) ;
#2434 = CARTESIAN_POINT ( 'NONE',  ( -1.448000000000000200, -0.09800000000000000400, 0.0000000000000000000 ) ) ;
#2435 = EDGE_CURVE ( 'NONE', #1350, #2325, #2474, .T. ) ;
#2436 = UNCERTAINTY_MEASURE_WITH_UNIT (LENGTH_MEASURE( 1.000000000000000100E-005 ), #1272, 'distance_accuracy_value', 'NONE');
#2437 = DIRECTION ( 'NONE',  ( 0.0000000000000000000, 1.000000000000000000, -0.0000000000000000000 ) ) ;
#2438 = AXIS2_PLACEMENT_3D ( 'NONE', #1098, #2100, #691 ) ;
#2439 = ORIENTED_EDGE ( 'NONE', *, *, #1249, .T. ) ;
#2440 = VECTOR ( 'NONE', #439, 1000.000000000000000 ) ;
#2441 = VERTEX_POINT ( 'NONE', #508 ) ;
#2442 = DIRECTION ( 'NONE',  ( 1.000000000000000000, 0.0000000000000000000, -0.0000000000000000000 ) ) ;
#2443 = VECTOR ( 'NONE', #1947, 1000.000000000000000 ) ;
#2444 = FACE_OUTER_BOUND ( 'NONE', #2291, .T. ) ;
#2445 = VERTEX_POINT ( 'NONE', #717 ) ;
#2446 = ORIENTED_EDGE ( 'NONE', *, *, #2536, .F. ) ;
#2447 = ORIENTED_EDGE ( 'NONE', *, *, #1582, .T. ) ;
#2448 = ORIENTED_EDGE ( 'NONE', *, *, #1649, .F. ) ;
#2449 = VERTEX_POINT ( 'NONE', #2525 ) ;
#2450 = CARTESIAN_POINT ( 'NONE',  ( 1.448000000000000200, -0.5979999999999999800, 0.0000000000000000000 ) ) ;
#2451 = ORIENTED_EDGE ( 'NONE', *, *, #244, .T. ) ;
#2452 = CARTESIAN_POINT ( 'NONE',  ( -0.9140000000000001500, -0.9030000000000000200, 0.05099999999999999700 ) ) ;
#2453 = DIRECTION ( 'NONE',  ( 0.0000000000000000000, 1.000000000000000000, 0.0000000000000000000 ) ) ;
#2454 = PLANE ( 'NONE',  #1111 ) ;
#2455 = EDGE_CURVE ( 'NONE', #1003, #500, #387, .T. ) ;
#2456 = PRESENTATION_STYLE_ASSIGNMENT (( #2541 ) ) ;
#2457 = VECTOR ( 'NONE', #1871, 1000.000000000000000 ) ;
#2458 = ORIENTED_EDGE ( 'NONE', *, *, #2565, .T. ) ;
#2459 = CARTESIAN_POINT ( 'NONE',  ( -0.9140000000000001500, -0.09800000000000000400, 0.0000000000000000000 ) ) ;
#2460 = AXIS2_PLACEMENT_3D ( 'NONE', #2309, #1695, #291 ) ;
#2461 = VECTOR ( 'NONE', #384, 1000.000000000000000 ) ;
#2462 = DIRECTION ( 'NONE',  ( 0.0000000000000000000, 0.0000000000000000000, 1.000000000000000000 ) ) ;
#2463 = PRESENTATION_LAYER_ASSIGNMENT (  '', '', ( #2186 ) ) ;
#2464 = PLANE ( 'NONE',  #263 ) ;
#2465 = CARTESIAN_POINT ( 'NONE',  ( 1.448000000000000200, 0.4020000000000000200, 0.0000000000000000000 ) ) ;
#2466 = CARTESIAN_POINT ( 'NONE',  ( 0.3479999999999999800, -1.194000000000000000, 0.05099999999999999700 ) ) ;
#2467 = ORIENTED_EDGE ( 'NONE', *, *, #373, .F. ) ;
#2468 = EDGE_CURVE ( 'NONE', #861, #2610, #326, .T. ) ;
#2469 = CARTESIAN_POINT ( 'NONE',  ( -0.1520000000000000000, 1.194000000000000000, 0.0000000000000000000 ) ) ;
#2470 = DIRECTION ( 'NONE',  ( 0.0000000000000000000, -0.0000000000000000000, 1.000000000000000000 ) ) ;
#2471 = CARTESIAN_POINT ( 'NONE',  ( -1.175230000000000000, 0.7500000000000000000, 1.399999999999999900 ) ) ;
#2472 = FILL_AREA_STYLE ('',( #65 ) ) ;
#2473 = ORIENTED_EDGE ( 'NONE', *, *, #1985, .F. ) ;
#2474 = LINE ( 'NONE', #1115, #1405 ) ;
#2475 = ORIENTED_EDGE ( 'NONE', *, *, #2392, .T. ) ;
#2476 = VECTOR ( 'NONE', #1257, 1000.000000000000000 ) ;
#2477 = FACE_OUTER_BOUND ( 'NONE', #2417, .T. ) ;
#2478 = ORIENTED_EDGE ( 'NONE', *, *, #1912, .T. ) ;
#2479 = PLANE ( 'NONE',  #1326 ) ;
#2480 = CARTESIAN_POINT ( 'NONE',  ( -1.548999999999999900, 1.294999999999999900, 0.05099999999999999700 ) ) ;
#2481 = CARTESIAN_POINT ( 'NONE',  ( -1.448000000000000200, -0.5979999999999999800, 0.0000000000000000000 ) ) ;
#2482 = ORIENTED_EDGE ( 'NONE', *, *, #2013, .T. ) ;
#2483 = ORIENTED_EDGE ( 'NONE', *, *, #991, .F. ) ;
#2484 = VERTEX_POINT ( 'NONE', #2531 ) ;
#2485 = EDGE_LOOP ( 'NONE', ( #1132, #1498, #1598, #1228 ) ) ;
#2486 = LINE ( 'NONE', #2092, #340 ) ;
#2487 =( NAMED_UNIT ( * ) PLANE_ANGLE_UNIT ( ) SI_UNIT ( $, .RADIAN. ) );
#2488 = FACE_OUTER_BOUND ( 'NONE', #1940, .T. ) ;
#2489 = EDGE_LOOP ( 'NONE', ( #2412, #726, #1581, #1474 ) ) ;
#2490 = DIRECTION ( 'NONE',  ( 0.0000000000000000000, 1.000000000000000000, 0.0000000000000000000 ) ) ;
#2491 = MANIFOLD_SOLID_BREP ( 'Imported2', #2015 ) ;
#2492 = CARTESIAN_POINT ( 'NONE',  ( 1.548999999999999900, 1.294999999999999900, 1.397000000000000000 ) ) ;
#2493 = EDGE_CURVE ( 'NONE', #2034, #2198, #1337, .T. ) ;
#2494 = CARTESIAN_POINT ( 'NONE',  ( 0.6530000000000000200, -0.6600000000000000300, 0.0000000000000000000 ) ) ;
#2495 = DIRECTION ( 'NONE',  ( -1.000000000000000000, 0.0000000000000000000, 0.0000000000000000000 ) ) ;
#2496 = PRESENTATION_LAYER_ASSIGNMENT (  '', '', ( #2215 ) ) ;
#2497 = CARTESIAN_POINT ( 'NONE',  ( -1.448000000000000200, -0.5979999999999999800, 0.0000000000000000000 ) ) ;
#2498 =( NAMED_UNIT ( * ) SI_UNIT ( $, .STERADIAN. ) SOLID_ANGLE_UNIT ( ) );
#2499 = LINE ( 'NONE', #1846, #1734 ) ;
#2500 = EDGE_CURVE ( 'NONE', #1654, #1278, #1676, .T. ) ;
#2501 = DIRECTION ( 'NONE',  ( -0.0000000000000000000, 0.0000000000000000000, 1.000000000000000000 ) ) ;
#2502 = DIRECTION ( 'NONE',  ( 0.0000000000000000000, 0.0000000000000000000, 1.000000000000000000 ) ) ;
#2503 = CARTESIAN_POINT ( 'NONE',  ( 1.448000000000000200, -0.5979999999999999800, 0.0000000000000000000 ) ) ;
#2504 = FACE_OUTER_BOUND ( 'NONE', #1471, .T. ) ;
#2505 = EDGE_LOOP ( 'NONE', ( #1603, #2573, #2356, #1109 ) ) ;
#2506 =( GEOMETRIC_REPRESENTATION_CONTEXT ( 3 ) GLOBAL_UNCERTAINTY_ASSIGNED_CONTEXT ( ( #287 ) ) GLOBAL_UNIT_ASSIGNED_CONTEXT ( ( #409, #433, #2023 ) ) REPRESENTATION_CONTEXT ( 'NONE', 'WORKASPACE' ) );
#2507 = LINE ( 'NONE', #1551, #906 ) ;
#2508 = ADVANCED_FACE ( 'NONE', ( #1617 ), #1538, .T. ) ;
#2509 = DIRECTION ( 'NONE',  ( -0.0000000000000000000, 0.0000000000000000000, -1.000000000000000000 ) ) ;
#2510 = ORIENTED_EDGE ( 'NONE', *, *, #2275, .F. ) ;
#2511 = ORIENTED_EDGE ( 'NONE', *, *, #189, .F. ) ;
#2512 = AXIS2_PLACEMENT_3D ( 'NONE', #2169, #563, #571 ) ;
#2513 = ORIENTED_EDGE ( 'NONE', *, *, #1855, .F. ) ;
#2514 = CARTESIAN_POINT ( 'NONE',  ( 1.548999999999999900, -1.294999999999999900, 1.397000000000000000 ) ) ;
#2515 = PLANE ( 'NONE',  #930 ) ;
#2516 = DIRECTION ( 'NONE',  ( -1.000000000000000000, -0.0000000000000000000, -0.0000000000000000000 ) ) ;
#2517 = ORIENTED_EDGE ( 'NONE', *, *, #939, .F. ) ;
#2518 = CARTESIAN_POINT ( 'NONE',  ( 0.3479999999999999800, -0.6600000000000000300, 0.05099999999999999700 ) ) ;
#2519 = LINE ( 'NONE', #2347, #1980 ) ;
#2520 = VECTOR ( 'NONE', #1929, 1000.000000000000000 ) ;
#2521 = EDGE_LOOP ( 'NONE', ( #1345, #1448, #2566, #1248 ) ) ;
#2522 = UNCERTAINTY_MEASURE_WITH_UNIT (LENGTH_MEASURE( 1.000000000000000100E-005 ), #2524, 'distance_accuracy_value', 'NONE');
#2523 = EDGE_CURVE ( 'NONE', #56, #430, #607, .T. ) ;
#2524 =( LENGTH_UNIT ( ) NAMED_UNIT ( * ) SI_UNIT ( .MILLI., .METRE. ) );
#2525 = CARTESIAN_POINT ( 'NONE',  ( -0.9140000000000001500, 0.9030000000000000200, 0.05099999999999999700 ) ) ;
#2526 = ADVANCED_FACE ( 'NONE', ( #18 ), #526, .T. ) ;
#2527 = EDGE_CURVE ( 'NONE', #209, #2198, #2087, .T. ) ;
#2528 = DIRECTION ( 'NONE',  ( 0.0000000000000000000, -1.000000000000000000, 0.0000000000000000000 ) ) ;
#2529 = MECHANICAL_DESIGN_GEOMETRIC_PRESENTATION_REPRESENTATION (  '', ( #2119 ), #43 ) ;
#2530 = FILL_AREA_STYLE_COLOUR ( '', #1447 ) ;
#2531 = CARTESIAN_POINT ( 'NONE',  ( 0.3479999999999999800, 0.6600000000000000300, 0.0000000000000000000 ) ) ;
#2532 = CARTESIAN_POINT ( 'NONE',  ( 1.548999999999999900, 1.294999999999999900, 1.397000000000000000 ) ) ;
#2533 = CARTESIAN_POINT ( 'NONE',  ( -0.1520000000000000000, 0.6600000000000000300, 0.0000000000000000000 ) ) ;
#2534 = ADVANCED_FACE ( 'NONE', ( #1026 ), #535, .T. ) ;
#2535 = VECTOR ( 'NONE', #1107, 1000.000000000000000 ) ;
#2536 = EDGE_CURVE ( 'NONE', #245, #2099, #478, .T. ) ;
#2537 = CARTESIAN_POINT ( 'NONE',  ( 0.9140000000000001500, 0.09800000000000000400, 0.0000000000000000000 ) ) ;
#2538 = VECTOR ( 'NONE', #2048, 1000.000000000000000 ) ;
#2539 = EDGE_LOOP ( 'NONE', ( #1009, #2127, #1578, #1412 ) ) ;
#2540 = DIRECTION ( 'NONE',  ( 0.0000000000000000000, -0.0000000000000000000, -1.000000000000000000 ) ) ;
#2541 = SURFACE_STYLE_USAGE ( .BOTH. , #1332 ) ;
#2542 = AXIS2_PLACEMENT_3D ( 'NONE', #1440, #1824, #414 ) ;
#2543 = ORIENTED_EDGE ( 'NONE', *, *, #1235, .T. ) ;
#2544 = ORIENTED_EDGE ( 'NONE', *, *, #2305, .T. ) ;
#2545 = ORIENTED_EDGE ( 'NONE', *, *, #1870, .T. ) ;
#2546 = ORIENTED_EDGE ( 'NONE', *, *, #2371, .T. ) ;
#2547 = STYLED_ITEM ( 'NONE', ( #959 ), #2553 ) ;
#2548 = CARTESIAN_POINT ( 'NONE',  ( 0.6530000000000000200, -1.194000000000000000, 0.0000000000000000000 ) ) ;
#2549 = ADVANCED_FACE ( 'NONE', ( #2564 ), #2556, .T. ) ;
#2550 = ORIENTED_EDGE ( 'NONE', *, *, #189, .T. ) ;
#2551 = CARTESIAN_POINT ( 'NONE',  ( -0.9140000000000001500, 0.4020000000000000200, 0.0000000000000000000 ) ) ;
#2552 = LINE ( 'NONE', #1019, #2145 ) ;
#2553 = MANIFOLD_SOLID_BREP ( 'Imported3', #381 ) ;
#2554 = EDGE_CURVE ( 'NONE', #856, #813, #2381, .T. ) ;
#2555 = DIRECTION ( 'NONE',  ( 1.000000000000000000, 0.0000000000000000000, -0.0000000000000000000 ) ) ;
#2556 = PLANE ( 'NONE',  #71 ) ;
#2557 =( GEOMETRIC_REPRESENTATION_CONTEXT ( 3 ) GLOBAL_UNCERTAINTY_ASSIGNED_CONTEXT ( ( #471 ) ) GLOBAL_UNIT_ASSIGNED_CONTEXT ( ( #316, #1735, #751 ) ) REPRESENTATION_CONTEXT ( 'NONE', 'WORKASPACE' ) );
#2558 = DIRECTION ( 'NONE',  ( 1.000000000000000000, 0.0000000000000000000, -0.0000000000000000000 ) ) ;
#2559 = ADVANCED_FACE ( 'NONE', ( #778 ), #1351, .T. ) ;
#2560 = STYLED_ITEM ( 'NONE', ( #1982 ), #2020 ) ;
#2561 = DIRECTION ( 'NONE',  ( 0.0000000000000000000, 0.0000000000000000000, -1.000000000000000000 ) ) ;
#2562 =( NAMED_UNIT ( * ) PLANE_ANGLE_UNIT ( ) SI_UNIT ( $, .RADIAN. ) );
#2563 =( LENGTH_UNIT ( ) NAMED_UNIT ( * ) SI_UNIT ( .MILLI., .METRE. ) );
#2564 = FACE_OUTER_BOUND ( 'NONE', #2489, .T. ) ;
#2565 = EDGE_CURVE ( 'NONE', #688, #2484, #234, .T. ) ;
#2566 = ORIENTED_EDGE ( 'NONE', *, *, #2179, .F. ) ;
#2567 = LINE ( 'NONE', #59, #961 ) ;
#2568 = ORIENTED_EDGE ( 'NONE', *, *, #1671, .F. ) ;
#2569 = LINE ( 'NONE', #1143, #1965 ) ;
#2570 = DIRECTION ( 'NONE',  ( -0.0000000000000000000, -0.0000000000000000000, -1.000000000000000000 ) ) ;
#2571 = ORIENTED_EDGE ( 'NONE', *, *, #577, .F. ) ;
#2572 = EDGE_CURVE ( 'NONE', #1577, #365, #1302, .T. ) ;
#2573 = ORIENTED_EDGE ( 'NONE', *, *, #306, .T. ) ;
#2574 = CARTESIAN_POINT ( 'NONE',  ( 0.3479999999999999800, 0.6600000000000000300, 0.0000000000000000000 ) ) ;
#2575 = ADVANCED_FACE ( 'NONE', ( #2312 ), #1759, .T. ) ;
#2576 = VERTEX_POINT ( 'NONE', #1956 ) ;
#2577 = CARTESIAN_POINT ( 'NONE',  ( 0.6530000000000000200, 1.194000000000000000, 0.05099999999999999700 ) ) ;
#2578 = PRESENTATION_LAYER_ASSIGNMENT (  '', '', ( #2307 ) ) ;
#2579 = COLOUR_RGB ( '',0.7215686274509803800, 0.7215686274509803800, 0.7215686274509803800 ) ;
#2580 = ORIENTED_EDGE ( 'NONE', *, *, #1303, .F. ) ;
#2581 = VECTOR ( 'NONE', #139, 1000.000000000000000 ) ;
#2582 = SURFACE_STYLE_FILL_AREA ( #2335 ) ;
#2583 = VERTEX_POINT ( 'NONE', #972 ) ;
#2584 = ORIENTED_EDGE ( 'NONE', *, *, #2028, .T. ) ;
#2585 = DIRECTION ( 'NONE',  ( 0.0000000000000000000, 0.0000000000000000000, -1.000000000000000000 ) ) ;
#2586 = CARTESIAN_POINT ( 'NONE',  ( 1.548999999999999900, 1.294999999999999900, 0.05099999999999999700 ) ) ;
#2587 = VERTEX_POINT ( 'NONE', #354 ) ;
#2588 = SURFACE_STYLE_USAGE ( .BOTH. , #1990 ) ;
#2589 = ADVANCED_FACE ( 'NONE', ( #704 ), #777, .T. ) ;
#2590 = EDGE_CURVE ( 'NONE', #2131, #1523, #2250, .T. ) ;
#2591 =( NAMED_UNIT ( * ) SI_UNIT ( $, .STERADIAN. ) SOLID_ANGLE_UNIT ( ) );
#2592 = DIRECTION ( 'NONE',  ( 1.000000000000000000, 0.0000000000000000000, 0.0000000000000000000 ) ) ;
#2593 = LINE ( 'NONE', #598, #929 ) ;
#2594 = ORIENTED_EDGE ( 'NONE', *, *, #794, .T. ) ;
#2595 = MECHANICAL_DESIGN_GEOMETRIC_PRESENTATION_REPRESENTATION (  '', ( #2186 ), #116 ) ;
#2596 = DIRECTION ( 'NONE',  ( -1.000000000000000000, -0.0000000000000000000, -0.0000000000000000000 ) ) ;
#2597 = ORIENTED_EDGE ( 'NONE', *, *, #1322, .F. ) ;
#2598 = SURFACE_STYLE_FILL_AREA ( #992 ) ;
#2599 =( LENGTH_UNIT ( ) NAMED_UNIT ( * ) SI_UNIT ( .MILLI., .METRE. ) );
#2600 = ORIENTED_EDGE ( 'NONE', *, *, #385, .T. ) ;
#2601 = FACE_OUTER_BOUND ( 'NONE', #2226, .T. ) ;
#2602 = VECTOR ( 'NONE', #1694, 1000.000000000000000 ) ;
#2603 = DIRECTION ( 'NONE',  ( 1.000000000000000000, -0.0000000000000000000, 0.0000000000000000000 ) ) ;
#2604 = LINE ( 'NONE', #1655, #903 ) ;
#2605 = CARTESIAN_POINT ( 'NONE',  ( -1.448000000000000200, 0.5979999999999999800, 0.05099999999999999700 ) ) ;
#2606 = LINE ( 'NONE', #1975, #2062 ) ;
#2607 = ORIENTED_EDGE ( 'NONE', *, *, #990, .T. ) ;
#2608 = DIRECTION ( 'NONE',  ( 0.0000000000000000000, -1.000000000000000000, 0.0000000000000000000 ) ) ;
#2609 = EDGE_CURVE ( 'NONE', #1836, #1629, #1496, .T. ) ;
#2610 = VERTEX_POINT ( 'NONE', #1767 ) ;
#2611 = ORIENTED_EDGE ( 'NONE', *, *, #1223, .T. ) ;
#2612 = CARTESIAN_POINT ( 'NONE',  ( -0.9140000000000001500, -0.5979999999999999800, 0.0000000000000000000 ) ) ;
#2613 = AXIS2_PLACEMENT_3D ( 'NONE', #1637, #1674, #469 ) ;
#2614 = ORIENTED_EDGE ( 'NONE', *, *, #318, .F. ) ;
#2615 = EDGE_LOOP ( 'NONE', ( #645, #1091, #2074, #849 ) ) ;
ENDSEC;
END-ISO-10303-21;
